Firmenname,FNR,Staat,Ort,PLZ,Straße,Gewerbezweig,Funktion,Name,Dummy_Eigenkapitalquote,Dummy_Bilanzsumme
Firma_1,FNR_1183,Österreich,Wien,4,Straße_16,Dienstleistung,Geschäftsführer,Name_1,0.26,18305192.02
Firma_2,FNR_5598,Österreich,Linz,10,Straße_18,Dienstleistung,Geschäftsführer,Name_2,0.4,48561563.92
Firma_3,FNR_1951,Österreich,Salzburg,7,Straße_8,Handel,Geschäftsführer,Name_3,0.28,86135816.0
Firma_4,FNR_5668,Österreich,Salzburg,5,Straße_18,Handel,Geschäftsführer,Name_4,0.23,89724725.07
Firma_5,FNR_7592,Österreich,Linz,4,Straße_8,Produktion,Geschäftsführer,Name_5,0.31,7428879.41
Firma_6,FNR_8712,Österreich,Wien,7,Straße_19,Produktion,Geschäftsführer,Name_6,0.17,92979676.7
Firma_7,FNR_7260,Österreich,Linz,4,Straße_10,Handel,Geschäftsführer,Name_7,0.52,23514164.92
Firma_8,FNR_1456,Österreich,Salzburg,7,Straße_13,Handel,Geschäftsführer,Name_8,0.51,67965286.02
Firma_9,FNR_1479,Österreich,Wien,8,Straße_18,IT,Geschäftsführer,Name_9,0.17,33481484.96
Firma_10,FNR_8401,Österreich,Salzburg,8,Straße_1,Dienstleistung,Geschäftsführer,Name_10,0.19,73562222.61
Firma_11,FNR_8965,Österreich,Salzburg,1,Straße_19,Handel,Geschäftsführer,Name_11,0.51,1415323.61
Firma_12,FNR_3030,Österreich,Linz,3,Straße_15,Produktion,Geschäftsführer,Name_12,0.56,92075046.7
Firma_13,FNR_1850,Österreich,Linz,4,Straße_12,Produktion,Geschäftsführer,Name_13,0.52,8672400.28
Firma_14,FNR_5164,Österreich,Salzburg,8,Straße_14,Finanzen,Geschäftsführer,Name_14,0.59,11169284.16
Firma_15,FNR_9074,Österreich,Salzburg,10,Straße_12,Handel,Geschäftsführer,Name_15,0.21,75532844.43
Firma_16,FNR_7950,Österreich,Salzburg,3,Straße_7,IT,Geschäftsführer,Name_16,0.17,61823918.78
Firma_17,FNR_6958,Österreich,Linz,6,Straße_16,Produktion,Geschäftsführer,Name_17,0.5,1119812.75
Firma_18,FNR_2154,Österreich,Wien,9,Straße_20,Dienstleistung,Geschäftsführer,Name_18,0.11,84996637.17
Firma_19,FNR_8042,Österreich,Wien,4,Straße_17,Handel,Geschäftsführer,Name_19,0.51,49796425.52
Firma_20,FNR_8680,Österreich,Salzburg,10,Straße_17,IT,Geschäftsführer,Name_20,0.52,78727404.98
Firma_21,FNR_3487,Österreich,Linz,4,Straße_18,IT,Geschäftsführer,Name_21,0.55,20330029.68
Firma_22,FNR_2693,Österreich,Salzburg,1,Straße_4,Dienstleistung,Geschäftsführer,Name_22,0.45,83407642.89
Firma_23,FNR_8005,Österreich,Linz,6,Straße_4,Finanzen,Geschäftsführer,Name_23,0.43,79526168.34
Firma_24,FNR_2914,Österreich,Wien,3,Straße_16,Handel,Geschäftsführer,Name_24,0.41,61911513.97
Firma_25,FNR_3836,Österreich,Wien,1,Straße_4,Produktion,Geschäftsführer,Name_25,0.36,6751765.21
Firma_26,FNR_9744,Österreich,Salzburg,1,Straße_7,Dienstleistung,Geschäftsführer,Name_26,0.16,64290433.25
Firma_27,FNR_8610,Österreich,Linz,9,Straße_1,Handel,Geschäftsführer,Name_27,0.54,15885747.36
Firma_28,FNR_9082,Österreich,Wien,5,Straße_3,Dienstleistung,Geschäftsführer,Name_28,0.27,6730736.19
Firma_29,FNR_9969,Österreich,Salzburg,3,Straße_19,Dienstleistung,Geschäftsführer,Name_29,0.1,61863037.16
Firma_30,FNR_8499,Österreich,Linz,6,Straße_1,IT,Geschäftsführer,Name_30,0.46,78635556.38
Firma_31,FNR_1092,Österreich,Linz,2,Straße_14,Finanzen,Geschäftsführer,Name_31,0.25,6547237.16
Firma_32,FNR_2024,Österreich,Linz,10,Straße_17,Dienstleistung,Geschäftsführer,Name_32,0.33,80297942.5
Firma_33,FNR_6181,Österreich,Linz,7,Straße_12,Dienstleistung,Geschäftsführer,Name_33,0.38,63464615.99
Firma_34,FNR_9934,Österreich,Salzburg,9,Straße_14,Finanzen,Geschäftsführer,Name_34,0.3,24529387.51
Firma_35,FNR_7326,Österreich,Wien,6,Straße_16,Handel,Geschäftsführer,Name_35,0.28,93742799.88
Firma_36,FNR_9354,Österreich,Linz,4,Straße_11,Produktion,Geschäftsführer,Name_36,0.28,93319196.76
Firma_37,FNR_3111,Österreich,Salzburg,3,Straße_14,Handel,Geschäftsführer,Name_37,0.43,64179734.62
Firma_38,FNR_8477,Österreich,Linz,4,Straße_9,Dienstleistung,Geschäftsführer,Name_38,0.55,12584684.97
Firma_39,FNR_6271,Österreich,Linz,10,Straße_1,Handel,Geschäftsführer,Name_39,0.36,79203761.15
Firma_40,FNR_8218,Österreich,Wien,6,Straße_3,Dienstleistung,Geschäftsführer,Name_40,0.25,36648995.61
Firma_41,FNR_3958,Österreich,Wien,3,Straße_1,Produktion,Geschäftsführer,Name_41,0.42,87776373.99
Firma_42,FNR_7096,Österreich,Salzburg,3,Straße_12,Produktion,Geschäftsführer,Name_42,0.2,5007226.51
Firma_43,FNR_5006,Österreich,Salzburg,2,Straße_4,Dienstleistung,Geschäftsführer,Name_43,0.29,24058014.28
Firma_44,FNR_7113,Österreich,Wien,2,Straße_1,Produktion,Geschäftsführer,Name_44,0.52,75222319.34
Firma_45,FNR_7459,Österreich,Salzburg,10,Straße_9,Dienstleistung,Geschäftsführer,Name_45,0.53,36450457.23
Firma_46,FNR_9522,Österreich,Wien,7,Straße_11,Handel,Geschäftsführer,Name_46,0.21,64032351.73
Firma_47,FNR_3027,Österreich,Salzburg,3,Straße_3,Dienstleistung,Geschäftsführer,Name_47,0.22,64648063.74
Firma_48,FNR_2507,Österreich,Wien,5,Straße_1,Dienstleistung,Geschäftsführer,Name_48,0.29,14257139.89
Firma_49,FNR_4646,Österreich,Linz,7,Straße_15,Finanzen,Geschäftsführer,Name_49,0.36,38766163.38
Firma_50,FNR_3420,Österreich,Wien,3,Straße_6,Dienstleistung,Geschäftsführer,Name_50,0.18,37975411.04
Firma_51,FNR_7584,Österreich,Wien,10,Straße_15,Produktion,Geschäftsführer,Name_51,0.24,6513085.21
Firma_52,FNR_8719,Österreich,Salzburg,2,Straße_3,IT,Geschäftsführer,Name_52,0.41,16457143.61
Firma_53,FNR_9172,Österreich,Salzburg,4,Straße_1,IT,Geschäftsführer,Name_53,0.29,43782522.59
Firma_54,FNR_4588,Österreich,Salzburg,10,Straße_11,Finanzen,Geschäftsführer,Name_54,0.28,11737426.04
Firma_55,FNR_7612,Österreich,Linz,7,Straße_19,Produktion,Geschäftsführer,Name_55,0.56,1954706.37
Firma_56,FNR_8128,Österreich,Salzburg,4,Straße_10,Produktion,Geschäftsführer,Name_56,0.57,14575419.63
Firma_57,FNR_7565,Österreich,Linz,2,Straße_6,IT,Geschäftsführer,Name_57,0.19,86890378.17
Firma_58,FNR_6216,Österreich,Linz,10,Straße_17,Finanzen,Geschäftsführer,Name_58,0.31,61326228.78
Firma_59,FNR_2122,Österreich,Salzburg,7,Straße_20,Produktion,Geschäftsführer,Name_59,0.42,42545161.1
Firma_60,FNR_9397,Österreich,Linz,7,Straße_11,IT,Geschäftsführer,Name_60,0.38,96978755.5
Firma_61,FNR_5312,Österreich,Salzburg,1,Straße_5,Finanzen,Geschäftsführer,Name_61,0.51,19236155.32
Firma_62,FNR_5536,Österreich,Salzburg,3,Straße_13,Finanzen,Geschäftsführer,Name_62,0.19,49092145.45
Firma_63,FNR_6489,Österreich,Salzburg,2,Straße_2,IT,Geschäftsführer,Name_63,0.57,18633347.9
Firma_64,FNR_9092,Österreich,Wien,9,Straße_19,Produktion,Geschäftsführer,Name_64,0.39,46099650.42
Firma_65,FNR_2410,Österreich,Wien,4,Straße_14,Produktion,Geschäftsführer,Name_65,0.32,46910008.09
Firma_66,FNR_1264,Österreich,Salzburg,8,Straße_13,IT,Geschäftsführer,Name_66,0.18,62688624.86
Firma_67,FNR_9379,Österreich,Salzburg,8,Straße_20,Dienstleistung,Geschäftsführer,Name_67,0.16,88928922.55
Firma_68,FNR_8961,Österreich,Linz,7,Straße_19,IT,Geschäftsführer,Name_68,0.58,97139264.79
Firma_69,FNR_2008,Österreich,Salzburg,5,Straße_2,Finanzen,Geschäftsführer,Name_69,0.52,92123381.46
Firma_70,FNR_3533,Österreich,Salzburg,8,Straße_5,Handel,Geschäftsführer,Name_70,0.45,61984308.38
Firma_71,FNR_4318,Österreich,Linz,3,Straße_15,Produktion,Geschäftsführer,Name_71,0.33,82161729.82
Firma_72,FNR_9655,Österreich,Salzburg,7,Straße_12,IT,Geschäftsführer,Name_72,0.26,72746952.62
Firma_73,FNR_8121,Österreich,Wien,5,Straße_16,Handel,Geschäftsführer,Name_73,0.48,68021964.63
Firma_74,FNR_5845,Österreich,Salzburg,4,Straße_7,Finanzen,Geschäftsführer,Name_74,0.3,25992352.04
Firma_75,FNR_3831,Österreich,Linz,3,Straße_3,IT,Geschäftsführer,Name_75,0.17,77072654.89
Firma_76,FNR_1961,Österreich,Salzburg,1,Straße_4,IT,Geschäftsführer,Name_76,0.22,85829671.84
Firma_77,FNR_5231,Österreich,Salzburg,5,Straße_4,Finanzen,Geschäftsführer,Name_77,0.54,40405115.24
Firma_78,FNR_1892,Österreich,Wien,8,Straße_6,IT,Geschäftsführer,Name_78,0.17,8797987.27
Firma_79,FNR_9501,Österreich,Linz,6,Straße_15,Dienstleistung,Geschäftsführer,Name_79,0.22,51100060.65
Firma_80,FNR_6319,Österreich,Linz,2,Straße_1,Handel,Geschäftsführer,Name_80,0.2,51068076.82
Firma_81,FNR_9304,Österreich,Salzburg,1,Straße_18,Handel,Geschäftsführer,Name_81,0.32,46423637.31
Firma_82,FNR_4062,Österreich,Wien,2,Straße_20,Finanzen,Geschäftsführer,Name_82,0.53,18792299.25
Firma_83,FNR_9379,Österreich,Wien,2,Straße_2,Produktion,Geschäftsführer,Name_83,0.21,47752352.71
Firma_84,FNR_4105,Österreich,Wien,8,Straße_3,Produktion,Geschäftsführer,Name_84,0.48,30543115.75
Firma_85,FNR_6262,Österreich,Wien,6,Straße_4,IT,Geschäftsführer,Name_85,0.52,45542649.43
Firma_86,FNR_1307,Österreich,Wien,9,Straße_4,Handel,Geschäftsführer,Name_86,0.51,50099768.11
Firma_87,FNR_1334,Österreich,Linz,7,Straße_9,Handel,Geschäftsführer,Name_87,0.18,80414178.37
Firma_88,FNR_6375,Österreich,Linz,3,Straße_18,Handel,Geschäftsführer,Name_88,0.52,73086565.88
Firma_89,FNR_4954,Österreich,Wien,1,Straße_2,Dienstleistung,Geschäftsführer,Name_89,0.3,24278976.14
Firma_90,FNR_1923,Österreich,Linz,10,Straße_12,IT,Geschäftsführer,Name_90,0.2,51861839.4
Firma_91,FNR_5961,Österreich,Salzburg,7,Straße_4,Produktion,Geschäftsführer,Name_91,0.31,39627478.18
Firma_92,FNR_4394,Österreich,Salzburg,7,Straße_15,IT,Geschäftsführer,Name_92,0.31,50987739.2
Firma_93,FNR_4938,Österreich,Wien,7,Straße_16,Handel,Geschäftsführer,Name_93,0.33,50917430.3
Firma_94,FNR_9756,Österreich,Wien,1,Straße_5,Finanzen,Geschäftsführer,Name_94,0.15,46220569.94
Firma_95,FNR_9098,Österreich,Salzburg,10,Straße_9,IT,Geschäftsführer,Name_95,0.34,69645600.88
Firma_96,FNR_7107,Österreich,Salzburg,1,Straße_6,Produktion,Geschäftsführer,Name_96,0.48,25670797.26
Firma_97,FNR_3515,Österreich,Salzburg,2,Straße_4,Finanzen,Geschäftsführer,Name_97,0.59,59379425.65
Firma_98,FNR_7363,Österreich,Linz,7,Straße_3,Dienstleistung,Geschäftsführer,Name_98,0.6,97550277.46
Firma_99,FNR_5513,Österreich,Linz,7,Straße_12,Dienstleistung,Geschäftsführer,Name_99,0.31,52756221.42
Firma_100,FNR_1649,Österreich,Salzburg,9,Straße_14,IT,Geschäftsführer,Name_100,0.26,39243810.08
Firma_101,FNR_1927,Österreich,Salzburg,1,Straße_13,Finanzen,Geschäftsführer,Name_101,0.37,52942644.43
Firma_102,FNR_5507,Österreich,Wien,8,Straße_5,Finanzen,Geschäftsführer,Name_102,0.32,85111093.21
Firma_103,FNR_6189,Österreich,Salzburg,2,Straße_13,Produktion,Geschäftsführer,Name_103,0.48,72132809.43
Firma_104,FNR_9976,Österreich,Salzburg,8,Straße_13,Handel,Geschäftsführer,Name_104,0.12,11717086.14
Firma_105,FNR_6036,Österreich,Salzburg,7,Straße_20,Handel,Geschäftsführer,Name_105,0.45,83239047.05
Firma_106,FNR_7126,Österreich,Salzburg,5,Straße_19,IT,Geschäftsführer,Name_106,0.17,52841910.0
Firma_107,FNR_3829,Österreich,Salzburg,2,Straße_12,Finanzen,Geschäftsführer,Name_107,0.13,34609847.2
Firma_108,FNR_1322,Österreich,Salzburg,4,Straße_3,Handel,Geschäftsführer,Name_108,0.5,8824969.21
Firma_109,FNR_8414,Österreich,Salzburg,4,Straße_8,Finanzen,Geschäftsführer,Name_109,0.12,55390669.54
Firma_110,FNR_8041,Österreich,Linz,4,Straße_7,Dienstleistung,Geschäftsführer,Name_110,0.44,21692192.98
Firma_111,FNR_7017,Österreich,Salzburg,8,Straße_8,IT,Geschäftsführer,Name_111,0.13,37399606.59
Firma_112,FNR_7233,Österreich,Linz,9,Straße_11,Handel,Geschäftsführer,Name_112,0.18,97239750.13
Firma_113,FNR_6934,Österreich,Wien,5,Straße_20,Dienstleistung,Geschäftsführer,Name_113,0.31,78019131.68
Firma_114,FNR_6510,Österreich,Salzburg,7,Straße_14,Dienstleistung,Geschäftsführer,Name_114,0.15,41341717.05
Firma_115,FNR_6005,Österreich,Salzburg,9,Straße_5,Finanzen,Geschäftsführer,Name_115,0.3,52783785.26
Firma_116,FNR_1519,Österreich,Salzburg,9,Straße_6,IT,Geschäftsführer,Name_116,0.47,62536821.0
Firma_117,FNR_6106,Österreich,Linz,2,Straße_18,Dienstleistung,Geschäftsführer,Name_117,0.21,11539015.07
Firma_118,FNR_7273,Österreich,Wien,9,Straße_11,Dienstleistung,Geschäftsführer,Name_118,0.59,20332172.7
Firma_119,FNR_8303,Österreich,Salzburg,2,Straße_14,Handel,Geschäftsführer,Name_119,0.33,3671304.47
Firma_120,FNR_4958,Österreich,Linz,8,Straße_15,Dienstleistung,Geschäftsführer,Name_120,0.6,97952700.54
Firma_121,FNR_3582,Österreich,Wien,6,Straße_9,Finanzen,Geschäftsführer,Name_121,0.46,53073106.86
Firma_122,FNR_1610,Österreich,Salzburg,7,Straße_5,Dienstleistung,Geschäftsführer,Name_122,0.16,2456557.09
Firma_123,FNR_7651,Österreich,Linz,10,Straße_17,Handel,Geschäftsführer,Name_123,0.5,96962033.81
Firma_124,FNR_7167,Österreich,Salzburg,5,Straße_14,Finanzen,Geschäftsführer,Name_124,0.28,29134414.77
Firma_125,FNR_8772,Österreich,Salzburg,1,Straße_15,Handel,Geschäftsführer,Name_125,0.22,59089040.52
Firma_126,FNR_7244,Österreich,Linz,10,Straße_8,Produktion,Geschäftsführer,Name_126,0.29,94482203.71
Firma_127,FNR_9002,Österreich,Wien,5,Straße_7,Handel,Geschäftsführer,Name_127,0.56,47551245.43
Firma_128,FNR_3507,Österreich,Salzburg,10,Straße_2,Produktion,Geschäftsführer,Name_128,0.27,40459830.87
Firma_129,FNR_6084,Österreich,Wien,9,Straße_17,IT,Geschäftsführer,Name_129,0.46,88247663.96
Firma_130,FNR_5783,Österreich,Wien,6,Straße_2,Finanzen,Geschäftsführer,Name_130,0.18,96073972.7
Firma_131,FNR_3299,Österreich,Linz,1,Straße_12,IT,Geschäftsführer,Name_131,0.16,82715731.67
Firma_132,FNR_6214,Österreich,Salzburg,7,Straße_17,Produktion,Geschäftsführer,Name_132,0.36,83571692.29
Firma_133,FNR_3945,Österreich,Wien,8,Straße_14,Dienstleistung,Geschäftsführer,Name_133,0.3,11287573.33
Firma_134,FNR_2855,Österreich,Salzburg,4,Straße_10,Finanzen,Geschäftsführer,Name_134,0.16,82144114.24
Firma_135,FNR_4259,Österreich,Salzburg,9,Straße_17,Dienstleistung,Geschäftsführer,Name_135,0.17,97101450.59
Firma_136,FNR_4808,Österreich,Salzburg,10,Straße_12,IT,Geschäftsführer,Name_136,0.58,97630289.87
Firma_137,FNR_2588,Österreich,Linz,5,Straße_1,Handel,Geschäftsführer,Name_137,0.2,2178954.32
Firma_138,FNR_8629,Österreich,Wien,7,Straße_5,Produktion,Geschäftsführer,Name_138,0.31,21990306.55
Firma_139,FNR_4455,Österreich,Linz,9,Straße_19,IT,Geschäftsführer,Name_139,0.49,79415511.11
Firma_140,FNR_7889,Österreich,Wien,3,Straße_2,Finanzen,Geschäftsführer,Name_140,0.31,20836627.49
Firma_141,FNR_2441,Österreich,Linz,2,Straße_16,IT,Geschäftsführer,Name_141,0.12,68519846.47
Firma_142,FNR_2557,Österreich,Wien,5,Straße_16,Dienstleistung,Geschäftsführer,Name_142,0.45,65372290.22
Firma_143,FNR_3926,Österreich,Salzburg,2,Straße_17,Produktion,Geschäftsführer,Name_143,0.3,90835994.12
Firma_144,FNR_6682,Österreich,Wien,9,Straße_14,Finanzen,Geschäftsführer,Name_144,0.2,95572571.37
Firma_145,FNR_2953,Österreich,Wien,7,Straße_12,Produktion,Geschäftsführer,Name_145,0.36,75165711.13
Firma_146,FNR_8113,Österreich,Wien,3,Straße_11,Finanzen,Geschäftsführer,Name_146,0.28,64244927.21
Firma_147,FNR_4671,Österreich,Linz,5,Straße_14,Produktion,Geschäftsführer,Name_147,0.33,49586251.53
Firma_148,FNR_5678,Österreich,Wien,1,Straße_15,Dienstleistung,Geschäftsführer,Name_148,0.11,33818711.18
Firma_149,FNR_7696,Österreich,Linz,4,Straße_17,Handel,Geschäftsführer,Name_149,0.41,86048247.16
Firma_150,FNR_2645,Österreich,Linz,2,Straße_10,Produktion,Geschäftsführer,Name_150,0.5,84670446.04
Firma_151,FNR_9963,Österreich,Salzburg,3,Straße_5,IT,Geschäftsführer,Name_151,0.19,18240798.02
Firma_152,FNR_5372,Österreich,Wien,2,Straße_15,Dienstleistung,Geschäftsführer,Name_152,0.42,2871116.59
Firma_153,FNR_3624,Österreich,Linz,4,Straße_8,Handel,Geschäftsführer,Name_153,0.28,33883694.21
Firma_154,FNR_5922,Österreich,Salzburg,3,Straße_4,Finanzen,Geschäftsführer,Name_154,0.49,14801152.05
Firma_155,FNR_6060,Österreich,Linz,3,Straße_7,IT,Geschäftsführer,Name_155,0.3,99880481.79
Firma_156,FNR_8543,Österreich,Linz,1,Straße_13,Finanzen,Geschäftsführer,Name_156,0.47,43205827.44
Firma_157,FNR_5304,Österreich,Linz,4,Straße_13,Handel,Geschäftsführer,Name_157,0.54,79067595.44
Firma_158,FNR_3299,Österreich,Linz,10,Straße_16,Dienstleistung,Geschäftsführer,Name_158,0.25,25037863.96
Firma_159,FNR_6171,Österreich,Linz,6,Straße_4,Finanzen,Geschäftsführer,Name_159,0.31,29735979.96
Firma_160,FNR_3492,Österreich,Linz,3,Straße_18,Produktion,Geschäftsführer,Name_160,0.29,14364003.4
Firma_161,FNR_5982,Österreich,Linz,2,Straße_6,Produktion,Geschäftsführer,Name_161,0.3,86763104.96
Firma_162,FNR_1383,Österreich,Salzburg,10,Straße_4,Finanzen,Geschäftsführer,Name_162,0.35,7725747.76
Firma_163,FNR_6327,Österreich,Linz,9,Straße_17,Finanzen,Geschäftsführer,Name_163,0.6,75936985.99
Firma_164,FNR_3935,Österreich,Wien,3,Straße_1,Handel,Geschäftsführer,Name_164,0.15,99982527.92
Firma_165,FNR_6475,Österreich,Linz,4,Straße_8,Finanzen,Geschäftsführer,Name_165,0.55,77720433.21
Firma_166,FNR_1191,Österreich,Wien,9,Straße_6,Produktion,Geschäftsführer,Name_166,0.41,52904482.21
Firma_167,FNR_1527,Österreich,Salzburg,5,Straße_12,Finanzen,Geschäftsführer,Name_167,0.34,5974448.67
Firma_168,FNR_9122,Österreich,Linz,1,Straße_11,Dienstleistung,Geschäftsführer,Name_168,0.24,78578825.18
Firma_169,FNR_1916,Österreich,Salzburg,4,Straße_15,Dienstleistung,Geschäftsführer,Name_169,0.34,62332767.3
Firma_170,FNR_5189,Österreich,Linz,1,Straße_5,Dienstleistung,Geschäftsführer,Name_170,0.23,35256101.53
Firma_171,FNR_2757,Österreich,Wien,3,Straße_4,Produktion,Geschäftsführer,Name_171,0.4,16039186.36
Firma_172,FNR_2777,Österreich,Linz,2,Straße_13,Handel,Geschäftsführer,Name_172,0.14,91585993.94
Firma_173,FNR_3009,Österreich,Salzburg,10,Straße_1,Finanzen,Geschäftsführer,Name_173,0.48,98476328.45
Firma_174,FNR_2680,Österreich,Salzburg,10,Straße_2,IT,Geschäftsführer,Name_174,0.38,1741889.95
Firma_175,FNR_7406,Österreich,Linz,8,Straße_12,Handel,Geschäftsführer,Name_175,0.12,14881206.84
Firma_176,FNR_7880,Österreich,Salzburg,7,Straße_11,Finanzen,Geschäftsführer,Name_176,0.58,38406652.17
Firma_177,FNR_8505,Österreich,Linz,8,Straße_12,Produktion,Geschäftsführer,Name_177,0.55,27279077.72
Firma_178,FNR_8314,Österreich,Wien,2,Straße_16,Dienstleistung,Geschäftsführer,Name_178,0.57,79890083.2
Firma_179,FNR_5406,Österreich,Linz,3,Straße_13,Dienstleistung,Geschäftsführer,Name_179,0.12,37567915.23
Firma_180,FNR_2701,Österreich,Salzburg,1,Straße_3,IT,Geschäftsführer,Name_180,0.16,22839291.84
Firma_181,FNR_2230,Österreich,Linz,8,Straße_14,Dienstleistung,Geschäftsführer,Name_181,0.37,91833406.29
Firma_182,FNR_6422,Österreich,Salzburg,8,Straße_20,Produktion,Geschäftsführer,Name_182,0.24,9381104.68
Firma_183,FNR_1322,Österreich,Wien,3,Straße_15,IT,Geschäftsführer,Name_183,0.36,70097243.43
Firma_184,FNR_6983,Österreich,Linz,1,Straße_5,Handel,Geschäftsführer,Name_184,0.24,36399086.64
Firma_185,FNR_3053,Österreich,Salzburg,4,Straße_7,Produktion,Geschäftsführer,Name_185,0.24,96395312.88
Firma_186,FNR_1882,Österreich,Salzburg,2,Straße_15,Handel,Geschäftsführer,Name_186,0.43,26316802.47
Firma_187,FNR_4985,Österreich,Salzburg,3,Straße_17,Handel,Geschäftsführer,Name_187,0.49,94763685.22
Firma_188,FNR_7900,Österreich,Salzburg,10,Straße_2,Finanzen,Geschäftsführer,Name_188,0.22,48791830.86
Firma_189,FNR_1351,Österreich,Linz,8,Straße_2,Handel,Geschäftsführer,Name_189,0.18,22974495.04
Firma_190,FNR_7208,Österreich,Salzburg,8,Straße_7,Dienstleistung,Geschäftsführer,Name_190,0.57,95484916.49
Firma_191,FNR_1406,Österreich,Linz,4,Straße_6,Handel,Geschäftsführer,Name_191,0.56,43719400.08
Firma_192,FNR_2125,Österreich,Salzburg,4,Straße_3,IT,Geschäftsführer,Name_192,0.22,28244551.96
Firma_193,FNR_4872,Österreich,Wien,7,Straße_15,Produktion,Geschäftsführer,Name_193,0.18,29562227.88
Firma_194,FNR_7270,Österreich,Salzburg,7,Straße_2,Dienstleistung,Geschäftsführer,Name_194,0.13,15860085.98
Firma_195,FNR_7064,Österreich,Linz,2,Straße_10,Finanzen,Geschäftsführer,Name_195,0.57,86174896.6
Firma_196,FNR_3496,Österreich,Wien,6,Straße_18,Produktion,Geschäftsführer,Name_196,0.49,97280241.48
Firma_197,FNR_8337,Österreich,Salzburg,6,Straße_7,Handel,Geschäftsführer,Name_197,0.3,81438178.78
Firma_198,FNR_3202,Österreich,Salzburg,5,Straße_6,Produktion,Geschäftsführer,Name_198,0.54,43078380.47
Firma_199,FNR_4402,Österreich,Salzburg,2,Straße_20,Produktion,Geschäftsführer,Name_199,0.5,28286853.91
Firma_200,FNR_5118,Österreich,Linz,5,Straße_7,Finanzen,Geschäftsführer,Name_200,0.42,53658909.79
Firma_201,FNR_2158,Österreich,Wien,5,Straße_10,Handel,Geschäftsführer,Name_201,0.34,67210887.19
Firma_202,FNR_9773,Österreich,Salzburg,7,Straße_3,IT,Geschäftsführer,Name_202,0.51,36514194.55
Firma_203,FNR_4978,Österreich,Linz,9,Straße_5,IT,Geschäftsführer,Name_203,0.56,4958223.32
Firma_204,FNR_3878,Österreich,Salzburg,1,Straße_13,IT,Geschäftsführer,Name_204,0.16,22771490.14
Firma_205,FNR_5000,Österreich,Salzburg,7,Straße_16,Finanzen,Geschäftsführer,Name_205,0.39,56377717.0
Firma_206,FNR_8209,Österreich,Salzburg,4,Straße_2,Handel,Geschäftsführer,Name_206,0.34,64294995.07
Firma_207,FNR_1057,Österreich,Salzburg,8,Straße_19,IT,Geschäftsführer,Name_207,0.12,10747417.2
Firma_208,FNR_8016,Österreich,Wien,2,Straße_7,Produktion,Geschäftsführer,Name_208,0.44,81205304.97
Firma_209,FNR_5797,Österreich,Wien,6,Straße_13,IT,Geschäftsführer,Name_209,0.35,65469691.41
Firma_210,FNR_6781,Österreich,Salzburg,6,Straße_18,IT,Geschäftsführer,Name_210,0.3,53253470.6
Firma_211,FNR_6246,Österreich,Salzburg,5,Straße_14,Dienstleistung,Geschäftsführer,Name_211,0.47,37854814.09
Firma_212,FNR_7041,Österreich,Linz,8,Straße_8,Produktion,Geschäftsführer,Name_212,0.26,17550116.1
Firma_213,FNR_8656,Österreich,Salzburg,7,Straße_5,Finanzen,Geschäftsführer,Name_213,0.34,39067778.8
Firma_214,FNR_4178,Österreich,Salzburg,2,Straße_3,IT,Geschäftsführer,Name_214,0.48,15633787.39
Firma_215,FNR_6880,Österreich,Linz,1,Straße_4,Dienstleistung,Geschäftsführer,Name_215,0.41,8567295.24
Firma_216,FNR_6202,Österreich,Salzburg,4,Straße_15,Dienstleistung,Geschäftsführer,Name_216,0.29,41517062.63
Firma_217,FNR_4131,Österreich,Salzburg,4,Straße_18,Handel,Geschäftsführer,Name_217,0.28,30462627.27
Firma_218,FNR_2430,Österreich,Wien,8,Straße_6,Finanzen,Geschäftsführer,Name_218,0.17,19231968.78
Firma_219,FNR_8743,Österreich,Wien,6,Straße_2,Finanzen,Geschäftsführer,Name_219,0.21,54282136.86
Firma_220,FNR_5097,Österreich,Wien,9,Straße_20,Finanzen,Geschäftsführer,Name_220,0.47,67058889.23
Firma_221,FNR_3036,Österreich,Salzburg,2,Straße_12,Dienstleistung,Geschäftsführer,Name_221,0.56,13267397.53
Firma_222,FNR_3013,Österreich,Wien,3,Straße_10,Dienstleistung,Geschäftsführer,Name_222,0.43,49837463.59
Firma_223,FNR_7119,Österreich,Wien,8,Straße_13,Dienstleistung,Geschäftsführer,Name_223,0.39,33701351.98
Firma_224,FNR_3211,Österreich,Wien,1,Straße_7,IT,Geschäftsführer,Name_224,0.4,2653220.54
Firma_225,FNR_8134,Österreich,Linz,1,Straße_6,Finanzen,Geschäftsführer,Name_225,0.31,68728622.36
Firma_226,FNR_2841,Österreich,Salzburg,7,Straße_11,Handel,Geschäftsführer,Name_226,0.12,72445350.41
Firma_227,FNR_8125,Österreich,Salzburg,4,Straße_8,IT,Geschäftsführer,Name_227,0.46,19614812.72
Firma_228,FNR_7071,Österreich,Linz,5,Straße_15,Dienstleistung,Geschäftsführer,Name_228,0.52,58953957.43
Firma_229,FNR_7422,Österreich,Salzburg,10,Straße_14,Handel,Geschäftsführer,Name_229,0.5,41757108.16
Firma_230,FNR_1605,Österreich,Salzburg,9,Straße_3,Produktion,Geschäftsführer,Name_230,0.28,36405719.02
Firma_231,FNR_1477,Österreich,Wien,1,Straße_5,Finanzen,Geschäftsführer,Name_231,0.58,74801826.76
Firma_232,FNR_9069,Österreich,Salzburg,1,Straße_20,Finanzen,Geschäftsführer,Name_232,0.59,63360591.73
Firma_233,FNR_7621,Österreich,Wien,2,Straße_8,Finanzen,Geschäftsführer,Name_233,0.45,46852910.06
Firma_234,FNR_3861,Österreich,Linz,6,Straße_6,Dienstleistung,Geschäftsführer,Name_234,0.59,89788997.41
Firma_235,FNR_8031,Österreich,Salzburg,4,Straße_16,IT,Geschäftsführer,Name_235,0.54,42742540.07
Firma_236,FNR_2661,Österreich,Linz,9,Straße_14,IT,Geschäftsführer,Name_236,0.15,99360521.75
Firma_237,FNR_8071,Österreich,Salzburg,3,Straße_15,Produktion,Geschäftsführer,Name_237,0.12,53627786.0
Firma_238,FNR_3445,Österreich,Salzburg,2,Straße_8,Handel,Geschäftsführer,Name_238,0.15,8799268.31
Firma_239,FNR_1080,Österreich,Salzburg,3,Straße_15,Dienstleistung,Geschäftsführer,Name_239,0.38,45083145.82
Firma_240,FNR_3299,Österreich,Wien,8,Straße_16,Finanzen,Geschäftsführer,Name_240,0.29,99451659.72
Firma_241,FNR_2488,Österreich,Salzburg,5,Straße_5,Produktion,Geschäftsführer,Name_241,0.31,51246233.89
Firma_242,FNR_3818,Österreich,Wien,5,Straße_1,Produktion,Geschäftsführer,Name_242,0.55,27086565.44
Firma_243,FNR_9711,Österreich,Linz,2,Straße_9,Produktion,Geschäftsführer,Name_243,0.17,12852649.5
Firma_244,FNR_9226,Österreich,Wien,4,Straße_5,Finanzen,Geschäftsführer,Name_244,0.4,5942069.32
Firma_245,FNR_4015,Österreich,Wien,8,Straße_13,IT,Geschäftsführer,Name_245,0.47,55131798.63
Firma_246,FNR_1242,Österreich,Salzburg,8,Straße_1,Produktion,Geschäftsführer,Name_246,0.3,58551325.2
Firma_247,FNR_8619,Österreich,Linz,6,Straße_11,IT,Geschäftsführer,Name_247,0.17,88364051.47
Firma_248,FNR_9247,Österreich,Wien,4,Straße_12,Finanzen,Geschäftsführer,Name_248,0.21,79935216.6
Firma_249,FNR_9228,Österreich,Linz,7,Straße_18,IT,Geschäftsführer,Name_249,0.54,9549371.4
Firma_250,FNR_6489,Österreich,Salzburg,8,Straße_18,Produktion,Geschäftsführer,Name_250,0.21,28021241.34
Firma_251,FNR_9373,Österreich,Linz,3,Straße_10,Produktion,Geschäftsführer,Name_251,0.28,37141185.81
Firma_252,FNR_9779,Österreich,Salzburg,6,Straße_16,IT,Geschäftsführer,Name_252,0.44,4558412.86
Firma_253,FNR_2374,Österreich,Salzburg,8,Straße_4,Dienstleistung,Geschäftsführer,Name_253,0.23,19567433.19
Firma_254,FNR_4276,Österreich,Salzburg,8,Straße_12,Produktion,Geschäftsführer,Name_254,0.48,13447701.03
Firma_255,FNR_4064,Österreich,Wien,8,Straße_1,Dienstleistung,Geschäftsführer,Name_255,0.28,5911712.71
Firma_256,FNR_9895,Österreich,Linz,9,Straße_12,Handel,Geschäftsführer,Name_256,0.49,79245410.97
Firma_257,FNR_2438,Österreich,Wien,10,Straße_13,Produktion,Geschäftsführer,Name_257,0.28,41641934.17
Firma_258,FNR_6094,Österreich,Salzburg,6,Straße_18,Dienstleistung,Geschäftsführer,Name_258,0.49,6320251.62
Firma_259,FNR_4770,Österreich,Linz,2,Straße_12,Dienstleistung,Geschäftsführer,Name_259,0.12,22539770.31
Firma_260,FNR_7223,Österreich,Wien,1,Straße_18,Produktion,Geschäftsführer,Name_260,0.28,65012793.73
Firma_261,FNR_7985,Österreich,Linz,10,Straße_8,Produktion,Geschäftsführer,Name_261,0.2,80103915.01
Firma_262,FNR_4198,Österreich,Salzburg,1,Straße_15,Produktion,Geschäftsführer,Name_262,0.45,84937429.17
Firma_263,FNR_3561,Österreich,Salzburg,3,Straße_5,Handel,Geschäftsführer,Name_263,0.1,87578141.22
Firma_264,FNR_7793,Österreich,Salzburg,8,Straße_18,Finanzen,Geschäftsführer,Name_264,0.31,92911602.38
Firma_265,FNR_7613,Österreich,Wien,10,Straße_11,Produktion,Geschäftsführer,Name_265,0.39,33045176.78
Firma_266,FNR_8901,Österreich,Wien,9,Straße_3,Handel,Geschäftsführer,Name_266,0.17,32642555.16
Firma_267,FNR_2746,Österreich,Linz,7,Straße_10,Handel,Geschäftsführer,Name_267,0.52,81908644.38
Firma_268,FNR_1018,Österreich,Wien,5,Straße_20,Dienstleistung,Geschäftsführer,Name_268,0.23,40825479.75
Firma_269,FNR_8617,Österreich,Wien,2,Straße_11,Dienstleistung,Geschäftsführer,Name_269,0.17,34153100.8
Firma_270,FNR_1311,Österreich,Salzburg,6,Straße_6,Dienstleistung,Geschäftsführer,Name_270,0.51,31409769.49
Firma_271,FNR_7466,Österreich,Salzburg,8,Straße_10,Handel,Geschäftsführer,Name_271,0.38,73769583.9
Firma_272,FNR_6494,Österreich,Linz,9,Straße_1,Handel,Geschäftsführer,Name_272,0.52,79222600.79
Firma_273,FNR_4772,Österreich,Salzburg,3,Straße_8,Dienstleistung,Geschäftsführer,Name_273,0.17,68539406.46
Firma_274,FNR_4001,Österreich,Wien,9,Straße_10,Dienstleistung,Geschäftsführer,Name_274,0.44,83397079.92
Firma_275,FNR_8741,Österreich,Salzburg,2,Straße_2,Handel,Geschäftsführer,Name_275,0.26,47051333.6
Firma_276,FNR_3860,Österreich,Salzburg,10,Straße_15,Finanzen,Geschäftsführer,Name_276,0.11,20879999.03
Firma_277,FNR_1935,Österreich,Salzburg,1,Straße_10,Produktion,Geschäftsführer,Name_277,0.2,68789187.14
Firma_278,FNR_5130,Österreich,Linz,1,Straße_6,Handel,Geschäftsführer,Name_278,0.52,34480871.89
Firma_279,FNR_1176,Österreich,Salzburg,4,Straße_8,Produktion,Geschäftsführer,Name_279,0.56,2660383.76
Firma_280,FNR_1091,Österreich,Wien,10,Straße_10,IT,Geschäftsführer,Name_280,0.45,79243879.91
Firma_281,FNR_5281,Österreich,Linz,6,Straße_7,Produktion,Geschäftsführer,Name_281,0.11,54540355.28
Firma_282,FNR_9946,Österreich,Linz,10,Straße_4,Handel,Geschäftsführer,Name_282,0.41,62897410.21
Firma_283,FNR_1197,Österreich,Linz,8,Straße_8,Finanzen,Geschäftsführer,Name_283,0.51,44185882.06
Firma_284,FNR_1849,Österreich,Linz,4,Straße_16,Dienstleistung,Geschäftsführer,Name_284,0.35,11174928.38
Firma_285,FNR_4424,Österreich,Linz,7,Straße_20,Dienstleistung,Geschäftsführer,Name_285,0.59,81417440.15
Firma_286,FNR_9205,Österreich,Linz,10,Straße_20,IT,Geschäftsführer,Name_286,0.5,59471672.14
Firma_287,FNR_3208,Österreich,Wien,8,Straße_20,IT,Geschäftsführer,Name_287,0.54,16063486.37
Firma_288,FNR_2544,Österreich,Salzburg,2,Straße_7,Finanzen,Geschäftsführer,Name_288,0.34,44187948.37
Firma_289,FNR_2502,Österreich,Wien,3,Straße_2,Produktion,Geschäftsführer,Name_289,0.26,11227230.38
Firma_290,FNR_6218,Österreich,Salzburg,6,Straße_1,Produktion,Geschäftsführer,Name_290,0.59,14536108.25
Firma_291,FNR_2760,Österreich,Salzburg,10,Straße_7,Dienstleistung,Geschäftsführer,Name_291,0.15,53566863.19
Firma_292,FNR_9184,Österreich,Linz,9,Straße_1,Produktion,Geschäftsführer,Name_292,0.26,63267839.88
Firma_293,FNR_1436,Österreich,Linz,1,Straße_6,IT,Geschäftsführer,Name_293,0.17,31410191.17
Firma_294,FNR_2364,Österreich,Salzburg,6,Straße_2,Dienstleistung,Geschäftsführer,Name_294,0.24,47910806.78
Firma_295,FNR_4461,Österreich,Wien,5,Straße_18,IT,Geschäftsführer,Name_295,0.41,99370487.41
Firma_296,FNR_3065,Österreich,Salzburg,2,Straße_16,Finanzen,Geschäftsführer,Name_296,0.24,35184512.2
Firma_297,FNR_5855,Österreich,Linz,4,Straße_12,Finanzen,Geschäftsführer,Name_297,0.18,84262098.97
Firma_298,FNR_9453,Österreich,Salzburg,4,Straße_19,Produktion,Geschäftsführer,Name_298,0.59,19821877.11
Firma_299,FNR_1589,Österreich,Wien,4,Straße_14,Produktion,Geschäftsführer,Name_299,0.52,11836553.36
Firma_300,FNR_7678,Österreich,Linz,8,Straße_11,Finanzen,Geschäftsführer,Name_300,0.25,24881340.67
Firma_301,FNR_4433,Österreich,Wien,5,Straße_7,Dienstleistung,Geschäftsführer,Name_301,0.38,60402913.31
Firma_302,FNR_7706,Österreich,Salzburg,7,Straße_20,Finanzen,Geschäftsführer,Name_302,0.3,88142618.28
Firma_303,FNR_4948,Österreich,Wien,2,Straße_4,Dienstleistung,Geschäftsführer,Name_303,0.18,20376625.57
Firma_304,FNR_9392,Österreich,Salzburg,2,Straße_4,Produktion,Geschäftsführer,Name_304,0.17,42497134.82
Firma_305,FNR_5129,Österreich,Wien,10,Straße_2,Finanzen,Geschäftsführer,Name_305,0.45,15311028.48
Firma_306,FNR_5520,Österreich,Wien,1,Straße_17,Finanzen,Geschäftsführer,Name_306,0.41,9734586.32
Firma_307,FNR_7693,Österreich,Linz,7,Straße_7,Dienstleistung,Geschäftsführer,Name_307,0.33,49888968.36
Firma_308,FNR_6986,Österreich,Wien,1,Straße_19,Produktion,Geschäftsführer,Name_308,0.16,20105608.24
Firma_309,FNR_4768,Österreich,Linz,1,Straße_3,Finanzen,Geschäftsführer,Name_309,0.14,42783684.52
Firma_310,FNR_4770,Österreich,Salzburg,6,Straße_19,Finanzen,Geschäftsführer,Name_310,0.24,61004784.17
Firma_311,FNR_6440,Österreich,Wien,8,Straße_15,Dienstleistung,Geschäftsführer,Name_311,0.15,37084495.86
Firma_312,FNR_1110,Österreich,Salzburg,2,Straße_5,Handel,Geschäftsführer,Name_312,0.37,80024647.54
Firma_313,FNR_2374,Österreich,Salzburg,2,Straße_7,Produktion,Geschäftsführer,Name_313,0.55,85702281.02
Firma_314,FNR_4932,Österreich,Linz,6,Straße_13,IT,Geschäftsführer,Name_314,0.29,74592144.26
Firma_315,FNR_8590,Österreich,Wien,5,Straße_11,Dienstleistung,Geschäftsführer,Name_315,0.31,40933000.9
Firma_316,FNR_2152,Österreich,Linz,5,Straße_10,Produktion,Geschäftsführer,Name_316,0.4,98910630.89
Firma_317,FNR_8985,Österreich,Wien,8,Straße_9,Handel,Geschäftsführer,Name_317,0.3,78032494.42
Firma_318,FNR_8497,Österreich,Linz,3,Straße_6,Dienstleistung,Geschäftsführer,Name_318,0.2,49710965.15
Firma_319,FNR_6434,Österreich,Linz,4,Straße_15,IT,Geschäftsführer,Name_319,0.16,69029568.38
Firma_320,FNR_1734,Österreich,Linz,2,Straße_2,Finanzen,Geschäftsführer,Name_320,0.59,21676845.02
Firma_321,FNR_1327,Österreich,Salzburg,4,Straße_9,Produktion,Geschäftsführer,Name_321,0.18,70983553.86
Firma_322,FNR_8025,Österreich,Wien,9,Straße_5,Finanzen,Geschäftsführer,Name_322,0.29,13697299.43
Firma_323,FNR_5902,Österreich,Wien,3,Straße_13,Finanzen,Geschäftsführer,Name_323,0.47,4698449.74
Firma_324,FNR_5091,Österreich,Linz,1,Straße_11,IT,Geschäftsführer,Name_324,0.33,19545819.24
Firma_325,FNR_3050,Österreich,Linz,4,Straße_9,Finanzen,Geschäftsführer,Name_325,0.2,99287910.26
Firma_326,FNR_6062,Österreich,Wien,5,Straße_6,IT,Geschäftsführer,Name_326,0.47,81702730.31
Firma_327,FNR_4431,Österreich,Wien,8,Straße_1,Dienstleistung,Geschäftsführer,Name_327,0.36,87504985.35
Firma_328,FNR_9240,Österreich,Wien,3,Straße_17,Dienstleistung,Geschäftsführer,Name_328,0.13,59301462.42
Firma_329,FNR_8099,Österreich,Wien,5,Straße_14,Produktion,Geschäftsführer,Name_329,0.47,84747617.04
Firma_330,FNR_5946,Österreich,Wien,7,Straße_4,IT,Geschäftsführer,Name_330,0.22,73316688.49
Firma_331,FNR_1109,Österreich,Salzburg,2,Straße_14,Produktion,Geschäftsführer,Name_331,0.13,7330478.16
Firma_332,FNR_6288,Österreich,Salzburg,1,Straße_13,Dienstleistung,Geschäftsführer,Name_332,0.58,43006547.27
Firma_333,FNR_8006,Österreich,Wien,9,Straße_17,Handel,Geschäftsführer,Name_333,0.14,83480273.36
Firma_334,FNR_1374,Österreich,Linz,1,Straße_6,Finanzen,Geschäftsführer,Name_334,0.38,29247673.3
Firma_335,FNR_3047,Österreich,Wien,6,Straße_20,Finanzen,Geschäftsführer,Name_335,0.17,95849857.79
Firma_336,FNR_6581,Österreich,Wien,6,Straße_5,Handel,Geschäftsführer,Name_336,0.12,47356500.52
Firma_337,FNR_4068,Österreich,Salzburg,4,Straße_3,Finanzen,Geschäftsführer,Name_337,0.29,4128273.55
Firma_338,FNR_6924,Österreich,Wien,4,Straße_8,Handel,Geschäftsführer,Name_338,0.13,81370242.05
Firma_339,FNR_4554,Österreich,Linz,8,Straße_2,IT,Geschäftsführer,Name_339,0.51,27834802.84
Firma_340,FNR_7185,Österreich,Wien,5,Straße_17,IT,Geschäftsführer,Name_340,0.46,24052031.79
Firma_341,FNR_5361,Österreich,Linz,8,Straße_20,Dienstleistung,Geschäftsführer,Name_341,0.43,31186195.77
Firma_342,FNR_8378,Österreich,Salzburg,9,Straße_8,IT,Geschäftsführer,Name_342,0.22,28751757.39
Firma_343,FNR_3877,Österreich,Wien,10,Straße_1,Dienstleistung,Geschäftsführer,Name_343,0.57,7947914.46
Firma_344,FNR_6155,Österreich,Salzburg,6,Straße_15,Handel,Geschäftsführer,Name_344,0.26,73590265.92
Firma_345,FNR_6414,Österreich,Wien,8,Straße_20,Dienstleistung,Geschäftsführer,Name_345,0.13,61682179.7
Firma_346,FNR_9955,Österreich,Salzburg,7,Straße_13,Handel,Geschäftsführer,Name_346,0.43,75608074.9
Firma_347,FNR_5969,Österreich,Linz,4,Straße_1,Handel,Geschäftsführer,Name_347,0.11,90670677.07
Firma_348,FNR_1512,Österreich,Salzburg,2,Straße_16,Produktion,Geschäftsführer,Name_348,0.18,3882640.23
Firma_349,FNR_1664,Österreich,Salzburg,6,Straße_3,Finanzen,Geschäftsführer,Name_349,0.1,84285295.99
Firma_350,FNR_5853,Österreich,Salzburg,3,Straße_6,Produktion,Geschäftsführer,Name_350,0.22,41776899.58
Firma_351,FNR_3764,Österreich,Salzburg,9,Straße_10,Handel,Geschäftsführer,Name_351,0.6,63010361.47
Firma_352,FNR_3203,Österreich,Linz,8,Straße_12,Handel,Geschäftsführer,Name_352,0.37,16316093.5
Firma_353,FNR_4630,Österreich,Linz,5,Straße_3,Produktion,Geschäftsführer,Name_353,0.12,5865407.78
Firma_354,FNR_3968,Österreich,Salzburg,1,Straße_14,IT,Geschäftsführer,Name_354,0.45,94544326.15
Firma_355,FNR_4447,Österreich,Linz,9,Straße_4,Handel,Geschäftsführer,Name_355,0.6,42536522.76
Firma_356,FNR_3315,Österreich,Salzburg,7,Straße_15,Produktion,Geschäftsführer,Name_356,0.53,37433482.02
Firma_357,FNR_1736,Österreich,Salzburg,4,Straße_19,Dienstleistung,Geschäftsführer,Name_357,0.37,73191521.6
Firma_358,FNR_5281,Österreich,Wien,7,Straße_17,IT,Geschäftsführer,Name_358,0.49,67389971.42
Firma_359,FNR_9574,Österreich,Linz,6,Straße_15,Dienstleistung,Geschäftsführer,Name_359,0.47,51670175.14
Firma_360,FNR_2907,Österreich,Wien,5,Straße_12,Produktion,Geschäftsführer,Name_360,0.38,72900415.9
Firma_361,FNR_9652,Österreich,Linz,6,Straße_14,Dienstleistung,Geschäftsführer,Name_361,0.19,48110679.5
Firma_362,FNR_1605,Österreich,Salzburg,1,Straße_17,Dienstleistung,Geschäftsführer,Name_362,0.39,80282756.93
Firma_363,FNR_4601,Österreich,Wien,8,Straße_8,Dienstleistung,Geschäftsführer,Name_363,0.47,91782430.84
Firma_364,FNR_5992,Österreich,Wien,10,Straße_9,IT,Geschäftsführer,Name_364,0.51,58018989.82
Firma_365,FNR_3814,Österreich,Linz,8,Straße_14,Handel,Geschäftsführer,Name_365,0.37,19312495.95
Firma_366,FNR_8677,Österreich,Wien,7,Straße_1,Produktion,Geschäftsführer,Name_366,0.48,91861121.02
Firma_367,FNR_8682,Österreich,Salzburg,9,Straße_15,Handel,Geschäftsführer,Name_367,0.57,77735372.86
Firma_368,FNR_4034,Österreich,Linz,2,Straße_17,IT,Geschäftsführer,Name_368,0.13,78264862.74
Firma_369,FNR_2226,Österreich,Linz,3,Straße_6,Produktion,Geschäftsführer,Name_369,0.17,69674829.74
Firma_370,FNR_6205,Österreich,Linz,4,Straße_9,IT,Geschäftsführer,Name_370,0.29,91596389.69
Firma_371,FNR_1754,Österreich,Wien,1,Straße_1,IT,Geschäftsführer,Name_371,0.37,86486402.33
Firma_372,FNR_1764,Österreich,Salzburg,9,Straße_11,Handel,Geschäftsführer,Name_372,0.34,57960484.44
Firma_373,FNR_6149,Österreich,Salzburg,3,Straße_15,Dienstleistung,Geschäftsführer,Name_373,0.57,60090444.01
Firma_374,FNR_6439,Österreich,Linz,1,Straße_16,Dienstleistung,Geschäftsführer,Name_374,0.44,24893016.03
Firma_375,FNR_5351,Österreich,Linz,5,Straße_15,Handel,Geschäftsführer,Name_375,0.56,87359236.46
Firma_376,FNR_3111,Österreich,Salzburg,3,Straße_11,Finanzen,Geschäftsführer,Name_376,0.46,92235717.15
Firma_377,FNR_7477,Österreich,Linz,9,Straße_5,Dienstleistung,Geschäftsführer,Name_377,0.4,99883262.3
Firma_378,FNR_2903,Österreich,Linz,7,Straße_15,IT,Geschäftsführer,Name_378,0.15,14261098.63
Firma_379,FNR_3783,Österreich,Salzburg,2,Straße_3,Handel,Geschäftsführer,Name_379,0.27,69180154.28
Firma_380,FNR_8707,Österreich,Salzburg,10,Straße_10,Handel,Geschäftsführer,Name_380,0.11,66279246.85
Firma_381,FNR_2088,Österreich,Linz,7,Straße_20,IT,Geschäftsführer,Name_381,0.25,42368945.79
Firma_382,FNR_1496,Österreich,Wien,5,Straße_5,Handel,Geschäftsführer,Name_382,0.46,90154846.74
Firma_383,FNR_1019,Österreich,Salzburg,3,Straße_4,Produktion,Geschäftsführer,Name_383,0.44,49235829.56
Firma_384,FNR_9401,Österreich,Salzburg,3,Straße_20,Dienstleistung,Geschäftsführer,Name_384,0.4,7385824.27
Firma_385,FNR_7556,Österreich,Wien,8,Straße_2,IT,Geschäftsführer,Name_385,0.24,13183826.64
Firma_386,FNR_9297,Österreich,Wien,9,Straße_4,Finanzen,Geschäftsführer,Name_386,0.57,19892891.96
Firma_387,FNR_4862,Österreich,Wien,10,Straße_19,Dienstleistung,Geschäftsführer,Name_387,0.26,33622783.66
Firma_388,FNR_2463,Österreich,Salzburg,6,Straße_13,Handel,Geschäftsführer,Name_388,0.35,2800500.7
Firma_389,FNR_2228,Österreich,Wien,10,Straße_8,Handel,Geschäftsführer,Name_389,0.22,27597876.29
Firma_390,FNR_7569,Österreich,Salzburg,5,Straße_6,IT,Geschäftsführer,Name_390,0.54,79488387.85
Firma_391,FNR_3251,Österreich,Salzburg,7,Straße_6,IT,Geschäftsführer,Name_391,0.6,97179560.29
Firma_392,FNR_3288,Österreich,Wien,6,Straße_20,Dienstleistung,Geschäftsführer,Name_392,0.24,69006209.69
Firma_393,FNR_5164,Österreich,Linz,10,Straße_18,Handel,Geschäftsführer,Name_393,0.51,56754300.54
Firma_394,FNR_8052,Österreich,Wien,10,Straße_18,Produktion,Geschäftsführer,Name_394,0.11,86952608.08
Firma_395,FNR_9079,Österreich,Salzburg,4,Straße_16,Finanzen,Geschäftsführer,Name_395,0.5,49960309.34
Firma_396,FNR_3060,Österreich,Salzburg,8,Straße_4,Dienstleistung,Geschäftsführer,Name_396,0.25,73229169.83
Firma_397,FNR_2348,Österreich,Salzburg,1,Straße_20,Produktion,Geschäftsführer,Name_397,0.59,92240400.12
Firma_398,FNR_4770,Österreich,Salzburg,2,Straße_11,Produktion,Geschäftsführer,Name_398,0.47,41050760.8
Firma_399,FNR_6463,Österreich,Salzburg,6,Straße_9,Handel,Geschäftsführer,Name_399,0.32,79666602.64
Firma_400,FNR_2474,Österreich,Wien,1,Straße_19,Handel,Geschäftsführer,Name_400,0.55,59358518.41
Firma_401,FNR_2470,Österreich,Linz,5,Straße_20,Produktion,Geschäftsführer,Name_401,0.29,53203882.35
Firma_402,FNR_1254,Österreich,Salzburg,5,Straße_17,Finanzen,Geschäftsführer,Name_402,0.45,93520615.73
Firma_403,FNR_1102,Österreich,Linz,10,Straße_7,Produktion,Geschäftsführer,Name_403,0.55,54777567.83
Firma_404,FNR_6306,Österreich,Salzburg,8,Straße_19,Finanzen,Geschäftsführer,Name_404,0.57,50110174.08
Firma_405,FNR_2658,Österreich,Linz,3,Straße_20,Produktion,Geschäftsführer,Name_405,0.38,20674117.97
Firma_406,FNR_1642,Österreich,Salzburg,8,Straße_20,Produktion,Geschäftsführer,Name_406,0.48,43271701.26
Firma_407,FNR_8670,Österreich,Salzburg,2,Straße_1,Handel,Geschäftsführer,Name_407,0.23,2065960.59
Firma_408,FNR_1594,Österreich,Salzburg,3,Straße_3,Handel,Geschäftsführer,Name_408,0.52,99834829.87
Firma_409,FNR_7415,Österreich,Linz,5,Straße_3,Handel,Geschäftsführer,Name_409,0.53,74568888.37
Firma_410,FNR_2775,Österreich,Wien,3,Straße_14,Produktion,Geschäftsführer,Name_410,0.31,76100984.35
Firma_411,FNR_7346,Österreich,Salzburg,3,Straße_19,Finanzen,Geschäftsführer,Name_411,0.34,89248030.45
Firma_412,FNR_7506,Österreich,Wien,3,Straße_14,Dienstleistung,Geschäftsführer,Name_412,0.38,32777503.67
Firma_413,FNR_8673,Österreich,Linz,10,Straße_18,IT,Geschäftsführer,Name_413,0.55,8298843.18
Firma_414,FNR_8085,Österreich,Linz,9,Straße_12,Dienstleistung,Geschäftsführer,Name_414,0.29,62787838.74
Firma_415,FNR_4638,Österreich,Linz,5,Straße_16,IT,Geschäftsführer,Name_415,0.22,66338731.53
Firma_416,FNR_5640,Österreich,Linz,5,Straße_14,Produktion,Geschäftsführer,Name_416,0.2,88965755.21
Firma_417,FNR_5230,Österreich,Linz,5,Straße_17,Finanzen,Geschäftsführer,Name_417,0.6,49590249.87
Firma_418,FNR_8663,Österreich,Wien,8,Straße_4,Dienstleistung,Geschäftsführer,Name_418,0.35,58542409.98
Firma_419,FNR_6586,Österreich,Salzburg,9,Straße_17,Finanzen,Geschäftsführer,Name_419,0.56,63269938.8
Firma_420,FNR_4923,Österreich,Wien,10,Straße_9,Finanzen,Geschäftsführer,Name_420,0.59,47879719.22
Firma_421,FNR_4166,Österreich,Wien,10,Straße_12,Handel,Geschäftsführer,Name_421,0.42,46501681.82
Firma_422,FNR_3838,Österreich,Wien,9,Straße_1,Handel,Geschäftsführer,Name_422,0.53,61827651.34
Firma_423,FNR_4981,Österreich,Linz,9,Straße_19,Produktion,Geschäftsführer,Name_423,0.51,67820995.95
Firma_424,FNR_9950,Österreich,Wien,8,Straße_7,Handel,Geschäftsführer,Name_424,0.29,82988572.5
Firma_425,FNR_4666,Österreich,Linz,8,Straße_18,Handel,Geschäftsführer,Name_425,0.32,39606288.55
Firma_426,FNR_4577,Österreich,Linz,7,Straße_19,IT,Geschäftsführer,Name_426,0.24,92356586.2
Firma_427,FNR_3783,Österreich,Wien,6,Straße_9,Dienstleistung,Geschäftsführer,Name_427,0.57,65078896.42
Firma_428,FNR_2427,Österreich,Linz,9,Straße_1,Finanzen,Geschäftsführer,Name_428,0.44,8028252.99
Firma_429,FNR_6419,Österreich,Linz,7,Straße_13,IT,Geschäftsführer,Name_429,0.43,14326921.36
Firma_430,FNR_3817,Österreich,Linz,4,Straße_5,Handel,Geschäftsführer,Name_430,0.4,41747138.73
Firma_431,FNR_7806,Österreich,Wien,10,Straße_5,Produktion,Geschäftsführer,Name_431,0.59,15676481.91
Firma_432,FNR_7262,Österreich,Salzburg,7,Straße_17,IT,Geschäftsführer,Name_432,0.51,82206259.8
Firma_433,FNR_4867,Österreich,Salzburg,2,Straße_17,Handel,Geschäftsführer,Name_433,0.17,85098098.93
Firma_434,FNR_5536,Österreich,Salzburg,7,Straße_10,Handel,Geschäftsführer,Name_434,0.39,74961541.14
Firma_435,FNR_9855,Österreich,Linz,8,Straße_15,Produktion,Geschäftsführer,Name_435,0.28,73252993.62
Firma_436,FNR_3803,Österreich,Linz,6,Straße_5,Finanzen,Geschäftsführer,Name_436,0.14,74228398.91
Firma_437,FNR_4760,Österreich,Salzburg,8,Straße_14,Dienstleistung,Geschäftsführer,Name_437,0.23,84144349.74
Firma_438,FNR_2582,Österreich,Wien,8,Straße_3,Finanzen,Geschäftsführer,Name_438,0.3,20701072.04
Firma_439,FNR_5722,Österreich,Linz,7,Straße_17,Produktion,Geschäftsführer,Name_439,0.4,12514872.31
Firma_440,FNR_9888,Österreich,Salzburg,4,Straße_12,Produktion,Geschäftsführer,Name_440,0.5,83822963.5
Firma_441,FNR_4660,Österreich,Wien,3,Straße_5,Dienstleistung,Geschäftsführer,Name_441,0.35,91367413.42
Firma_442,FNR_6248,Österreich,Wien,9,Straße_15,Dienstleistung,Geschäftsführer,Name_442,0.26,96691760.38
Firma_443,FNR_5069,Österreich,Salzburg,10,Straße_19,IT,Geschäftsführer,Name_443,0.59,27052805.87
Firma_444,FNR_9451,Österreich,Linz,3,Straße_6,IT,Geschäftsführer,Name_444,0.33,53419746.14
Firma_445,FNR_6827,Österreich,Linz,7,Straße_11,IT,Geschäftsführer,Name_445,0.41,8241572.47
Firma_446,FNR_3954,Österreich,Wien,3,Straße_12,Finanzen,Geschäftsführer,Name_446,0.16,22255356.33
Firma_447,FNR_4115,Österreich,Linz,4,Straße_3,Handel,Geschäftsführer,Name_447,0.11,97710757.27
Firma_448,FNR_4217,Österreich,Linz,5,Straße_15,Dienstleistung,Geschäftsführer,Name_448,0.52,57257351.2
Firma_449,FNR_8295,Österreich,Wien,6,Straße_2,Produktion,Geschäftsführer,Name_449,0.37,92474928.18
Firma_450,FNR_1333,Österreich,Salzburg,6,Straße_8,Produktion,Geschäftsführer,Name_450,0.33,75643595.09
Firma_451,FNR_8142,Österreich,Linz,7,Straße_1,Handel,Geschäftsführer,Name_451,0.32,88496744.21
Firma_452,FNR_3852,Österreich,Wien,3,Straße_10,Produktion,Geschäftsführer,Name_452,0.35,55444369.17
Firma_453,FNR_6037,Österreich,Linz,3,Straße_10,IT,Geschäftsführer,Name_453,0.43,75634398.02
Firma_454,FNR_3868,Österreich,Linz,3,Straße_4,Finanzen,Geschäftsführer,Name_454,0.35,1328573.14
Firma_455,FNR_3658,Österreich,Linz,6,Straße_20,Handel,Geschäftsführer,Name_455,0.55,3996436.83
Firma_456,FNR_6971,Österreich,Wien,7,Straße_12,Dienstleistung,Geschäftsführer,Name_456,0.44,92382492.34
Firma_457,FNR_4516,Österreich,Wien,4,Straße_18,Handel,Geschäftsführer,Name_457,0.14,25360161.87
Firma_458,FNR_9549,Österreich,Linz,2,Straße_14,Dienstleistung,Geschäftsführer,Name_458,0.12,99508758.18
Firma_459,FNR_2546,Österreich,Linz,9,Straße_18,Produktion,Geschäftsführer,Name_459,0.55,98998070.1
Firma_460,FNR_6183,Österreich,Linz,4,Straße_4,IT,Geschäftsführer,Name_460,0.53,26774546.99
Firma_461,FNR_3931,Österreich,Wien,10,Straße_11,IT,Geschäftsführer,Name_461,0.45,64997457.87
Firma_462,FNR_6309,Österreich,Wien,7,Straße_9,Dienstleistung,Geschäftsführer,Name_462,0.44,33909636.47
Firma_463,FNR_3840,Österreich,Linz,5,Straße_16,IT,Geschäftsführer,Name_463,0.26,34041744.54
Firma_464,FNR_2987,Österreich,Wien,1,Straße_7,Finanzen,Geschäftsführer,Name_464,0.36,66557347.79
Firma_465,FNR_1813,Österreich,Wien,8,Straße_17,Dienstleistung,Geschäftsführer,Name_465,0.2,78485606.14
Firma_466,FNR_4062,Österreich,Linz,2,Straße_15,Dienstleistung,Geschäftsführer,Name_466,0.59,18804892.73
Firma_467,FNR_7540,Österreich,Linz,1,Straße_6,Handel,Geschäftsführer,Name_467,0.17,5424966.81
Firma_468,FNR_9035,Österreich,Linz,1,Straße_7,Dienstleistung,Geschäftsführer,Name_468,0.33,61654778.85
Firma_469,FNR_8987,Österreich,Linz,2,Straße_15,IT,Geschäftsführer,Name_469,0.11,35700831.35
Firma_470,FNR_3812,Österreich,Salzburg,3,Straße_4,IT,Geschäftsführer,Name_470,0.28,85146736.42
Firma_471,FNR_9907,Österreich,Wien,7,Straße_14,Finanzen,Geschäftsführer,Name_471,0.25,65197359.14
Firma_472,FNR_7211,Österreich,Linz,3,Straße_2,Produktion,Geschäftsführer,Name_472,0.12,84284292.61
Firma_473,FNR_3749,Österreich,Linz,4,Straße_5,IT,Geschäftsführer,Name_473,0.27,33591078.32
Firma_474,FNR_2219,Österreich,Linz,10,Straße_12,Dienstleistung,Geschäftsführer,Name_474,0.44,33061760.61
Firma_475,FNR_8659,Österreich,Wien,3,Straße_6,Produktion,Geschäftsführer,Name_475,0.43,96085603.64
Firma_476,FNR_9851,Österreich,Wien,2,Straße_7,Produktion,Geschäftsführer,Name_476,0.24,20483216.91
Firma_477,FNR_5921,Österreich,Salzburg,7,Straße_19,IT,Geschäftsführer,Name_477,0.52,73050258.95
Firma_478,FNR_3808,Österreich,Wien,5,Straße_14,Produktion,Geschäftsführer,Name_478,0.18,6268671.05
Firma_479,FNR_4138,Österreich,Linz,9,Straße_14,Finanzen,Geschäftsführer,Name_479,0.18,30809670.94
Firma_480,FNR_1990,Österreich,Salzburg,1,Straße_16,Dienstleistung,Geschäftsführer,Name_480,0.21,80106723.69
Firma_481,FNR_5368,Österreich,Linz,8,Straße_18,IT,Geschäftsführer,Name_481,0.33,26389977.5
Firma_482,FNR_6943,Österreich,Linz,10,Straße_1,Finanzen,Geschäftsführer,Name_482,0.41,68815913.83
Firma_483,FNR_4897,Österreich,Salzburg,9,Straße_10,Produktion,Geschäftsführer,Name_483,0.3,34704537.93
Firma_484,FNR_5395,Österreich,Linz,7,Straße_2,Produktion,Geschäftsführer,Name_484,0.26,52799165.73
Firma_485,FNR_2368,Österreich,Linz,4,Straße_20,Dienstleistung,Geschäftsführer,Name_485,0.33,67064383.09
Firma_486,FNR_4992,Österreich,Linz,5,Straße_12,Dienstleistung,Geschäftsführer,Name_486,0.54,66301801.92
Firma_487,FNR_5331,Österreich,Salzburg,3,Straße_19,Dienstleistung,Geschäftsführer,Name_487,0.1,5031554.48
Firma_488,FNR_3733,Österreich,Salzburg,8,Straße_8,Finanzen,Geschäftsführer,Name_488,0.39,19571756.61
Firma_489,FNR_5992,Österreich,Salzburg,3,Straße_3,Produktion,Geschäftsführer,Name_489,0.34,16755554.83
Firma_490,FNR_4319,Österreich,Salzburg,5,Straße_11,Produktion,Geschäftsführer,Name_490,0.38,2280387.2
Firma_491,FNR_4355,Österreich,Wien,3,Straße_1,Dienstleistung,Geschäftsführer,Name_491,0.32,10686075.67
Firma_492,FNR_8473,Österreich,Linz,9,Straße_19,Handel,Geschäftsführer,Name_492,0.27,16225694.69
Firma_493,FNR_4159,Österreich,Salzburg,8,Straße_19,Dienstleistung,Geschäftsführer,Name_493,0.47,38026963.55
Firma_494,FNR_6053,Österreich,Salzburg,10,Straße_13,Dienstleistung,Geschäftsführer,Name_494,0.43,39303983.75
Firma_495,FNR_1157,Österreich,Salzburg,6,Straße_11,Handel,Geschäftsführer,Name_495,0.26,60690669.74
Firma_496,FNR_7214,Österreich,Salzburg,3,Straße_6,Handel,Geschäftsführer,Name_496,0.14,24163940.68
Firma_497,FNR_7829,Österreich,Linz,7,Straße_13,Finanzen,Geschäftsführer,Name_497,0.38,96151223.48
Firma_498,FNR_4139,Österreich,Wien,8,Straße_4,Handel,Geschäftsführer,Name_498,0.19,22527192.35
Firma_499,FNR_9165,Österreich,Linz,7,Straße_2,Dienstleistung,Geschäftsführer,Name_499,0.31,41326681.62
Firma_500,FNR_6748,Österreich,Wien,2,Straße_3,Dienstleistung,Geschäftsführer,Name_500,0.18,98860611.32
Firma_501,FNR_8767,Österreich,Wien,3,Straße_14,Handel,Geschäftsführer,Name_501,0.18,90653936.33
Firma_502,FNR_4204,Österreich,Salzburg,9,Straße_11,Finanzen,Geschäftsführer,Name_502,0.36,15599036.22
Firma_503,FNR_7314,Österreich,Salzburg,2,Straße_11,IT,Geschäftsführer,Name_503,0.15,86372849.63
Firma_504,FNR_7441,Österreich,Salzburg,4,Straße_13,Dienstleistung,Geschäftsführer,Name_504,0.12,15472056.04
Firma_505,FNR_4224,Österreich,Linz,4,Straße_16,Dienstleistung,Geschäftsführer,Name_505,0.11,47109016.07
Firma_506,FNR_9399,Österreich,Wien,8,Straße_5,Dienstleistung,Geschäftsführer,Name_506,0.4,6180062.4
Firma_507,FNR_2618,Österreich,Salzburg,8,Straße_9,Produktion,Geschäftsführer,Name_507,0.34,74038841.99
Firma_508,FNR_3870,Österreich,Salzburg,1,Straße_4,IT,Geschäftsführer,Name_508,0.59,80615104.08
Firma_509,FNR_4637,Österreich,Linz,7,Straße_1,Handel,Geschäftsführer,Name_509,0.59,81161300.27
Firma_510,FNR_3022,Österreich,Wien,7,Straße_3,Produktion,Geschäftsführer,Name_510,0.12,45294971.2
Firma_511,FNR_5555,Österreich,Salzburg,10,Straße_9,Finanzen,Geschäftsführer,Name_511,0.45,38205123.83
Firma_512,FNR_2022,Österreich,Linz,3,Straße_14,Dienstleistung,Geschäftsführer,Name_512,0.52,73594192.34
Firma_513,FNR_3821,Österreich,Wien,6,Straße_12,Handel,Geschäftsführer,Name_513,0.4,30264326.68
Firma_514,FNR_2064,Österreich,Wien,2,Straße_18,Handel,Geschäftsführer,Name_514,0.42,14328998.79
Firma_515,FNR_2407,Österreich,Wien,5,Straße_16,Dienstleistung,Geschäftsführer,Name_515,0.36,5636960.09
Firma_516,FNR_4694,Österreich,Linz,9,Straße_14,Finanzen,Geschäftsführer,Name_516,0.55,59420305.56
Firma_517,FNR_5670,Österreich,Salzburg,5,Straße_8,Dienstleistung,Geschäftsführer,Name_517,0.33,78589972.96
Firma_518,FNR_7369,Österreich,Wien,7,Straße_2,Dienstleistung,Geschäftsführer,Name_518,0.37,72517249.9
Firma_519,FNR_3929,Österreich,Wien,3,Straße_16,Handel,Geschäftsführer,Name_519,0.14,67054527.82
Firma_520,FNR_1340,Österreich,Linz,3,Straße_3,Finanzen,Geschäftsführer,Name_520,0.41,90245264.53
Firma_521,FNR_9148,Österreich,Wien,2,Straße_9,Finanzen,Geschäftsführer,Name_521,0.49,30694109.89
Firma_522,FNR_1301,Österreich,Wien,9,Straße_8,Handel,Geschäftsführer,Name_522,0.28,23131378.03
Firma_523,FNR_5177,Österreich,Linz,8,Straße_1,Handel,Geschäftsführer,Name_523,0.11,75291036.57
Firma_524,FNR_5381,Österreich,Linz,5,Straße_12,Finanzen,Geschäftsführer,Name_524,0.28,75212702.99
Firma_525,FNR_4486,Österreich,Linz,7,Straße_19,Produktion,Geschäftsführer,Name_525,0.41,95156669.86
Firma_526,FNR_5903,Österreich,Wien,8,Straße_8,Produktion,Geschäftsführer,Name_526,0.45,40743609.87
Firma_527,FNR_7564,Österreich,Wien,8,Straße_12,Finanzen,Geschäftsführer,Name_527,0.26,95819818.46
Firma_528,FNR_8120,Österreich,Wien,3,Straße_14,Dienstleistung,Geschäftsführer,Name_528,0.4,76454144.68
Firma_529,FNR_5466,Österreich,Linz,8,Straße_20,Dienstleistung,Geschäftsführer,Name_529,0.27,45567643.86
Firma_530,FNR_5687,Österreich,Linz,10,Straße_18,Produktion,Geschäftsführer,Name_530,0.41,49527256.31
Firma_531,FNR_3695,Österreich,Linz,7,Straße_6,IT,Geschäftsführer,Name_531,0.5,30279032.77
Firma_532,FNR_4769,Österreich,Salzburg,4,Straße_11,Finanzen,Geschäftsführer,Name_532,0.47,79803842.97
Firma_533,FNR_1545,Österreich,Wien,5,Straße_6,Finanzen,Geschäftsführer,Name_533,0.58,98493879.67
Firma_534,FNR_6770,Österreich,Linz,7,Straße_2,Produktion,Geschäftsführer,Name_534,0.53,98003287.72
Firma_535,FNR_1183,Österreich,Wien,4,Straße_16,IT,Geschäftsführer,Name_535,0.23,65835874.04
Firma_536,FNR_1779,Österreich,Linz,8,Straße_19,Handel,Geschäftsführer,Name_536,0.34,75085736.69
Firma_537,FNR_4993,Österreich,Linz,10,Straße_14,Dienstleistung,Geschäftsführer,Name_537,0.24,57344736.84
Firma_538,FNR_3916,Österreich,Wien,9,Straße_9,Produktion,Geschäftsführer,Name_538,0.42,42384798.37
Firma_539,FNR_1351,Österreich,Wien,10,Straße_2,IT,Geschäftsführer,Name_539,0.6,71280800.89
Firma_540,FNR_7366,Österreich,Linz,5,Straße_7,Dienstleistung,Geschäftsführer,Name_540,0.56,84992051.88
Firma_541,FNR_1503,Österreich,Salzburg,1,Straße_8,Finanzen,Geschäftsführer,Name_541,0.26,19184621.97
Firma_542,FNR_8975,Österreich,Wien,8,Straße_16,Handel,Geschäftsführer,Name_542,0.13,42533021.82
Firma_543,FNR_3438,Österreich,Linz,3,Straße_14,Dienstleistung,Geschäftsführer,Name_543,0.31,88765086.32
Firma_544,FNR_3712,Österreich,Linz,6,Straße_4,Produktion,Geschäftsführer,Name_544,0.38,46552489.61
Firma_545,FNR_8213,Österreich,Wien,7,Straße_6,Finanzen,Geschäftsführer,Name_545,0.3,9013265.31
Firma_546,FNR_9069,Österreich,Wien,4,Straße_15,IT,Geschäftsführer,Name_546,0.41,81466845.1
Firma_547,FNR_2839,Österreich,Wien,3,Straße_5,IT,Geschäftsführer,Name_547,0.31,74714137.64
Firma_548,FNR_3921,Österreich,Linz,4,Straße_17,Finanzen,Geschäftsführer,Name_548,0.1,59942910.84
Firma_549,FNR_5712,Österreich,Salzburg,3,Straße_2,Produktion,Geschäftsführer,Name_549,0.57,56864185.66
Firma_550,FNR_9502,Österreich,Salzburg,3,Straße_8,Dienstleistung,Geschäftsführer,Name_550,0.6,98928508.12
Firma_551,FNR_1417,Österreich,Wien,9,Straße_4,Handel,Geschäftsführer,Name_551,0.39,25289958.54
Firma_552,FNR_3764,Österreich,Linz,3,Straße_13,Dienstleistung,Geschäftsführer,Name_552,0.26,91427607.69
Firma_553,FNR_1566,Österreich,Wien,1,Straße_14,Finanzen,Geschäftsführer,Name_553,0.15,84998723.59
Firma_554,FNR_8970,Österreich,Linz,7,Straße_17,Finanzen,Geschäftsführer,Name_554,0.35,43310814.68
Firma_555,FNR_7453,Österreich,Linz,8,Straße_3,Produktion,Geschäftsführer,Name_555,0.35,28880808.78
Firma_556,FNR_4792,Österreich,Wien,6,Straße_19,Finanzen,Geschäftsführer,Name_556,0.36,46480961.28
Firma_557,FNR_4417,Österreich,Salzburg,3,Straße_16,Finanzen,Geschäftsführer,Name_557,0.46,61879055.42
Firma_558,FNR_2907,Österreich,Linz,9,Straße_13,Dienstleistung,Geschäftsführer,Name_558,0.59,1605276.33
Firma_559,FNR_9390,Österreich,Linz,5,Straße_16,IT,Geschäftsführer,Name_559,0.22,65510330.75
Firma_560,FNR_9031,Österreich,Linz,7,Straße_19,Dienstleistung,Geschäftsführer,Name_560,0.24,22549330.93
Firma_561,FNR_3105,Österreich,Salzburg,8,Straße_9,Handel,Geschäftsführer,Name_561,0.51,57995926.45
Firma_562,FNR_4027,Österreich,Linz,5,Straße_8,Dienstleistung,Geschäftsführer,Name_562,0.47,51883579.61
Firma_563,FNR_3983,Österreich,Salzburg,8,Straße_10,Finanzen,Geschäftsführer,Name_563,0.18,81535540.71
Firma_564,FNR_4459,Österreich,Wien,10,Straße_11,Handel,Geschäftsführer,Name_564,0.26,73832471.04
Firma_565,FNR_5395,Österreich,Linz,10,Straße_14,IT,Geschäftsführer,Name_565,0.14,42485202.04
Firma_566,FNR_3341,Österreich,Linz,3,Straße_19,Dienstleistung,Geschäftsführer,Name_566,0.6,86443509.97
Firma_567,FNR_7685,Österreich,Salzburg,8,Straße_9,Finanzen,Geschäftsführer,Name_567,0.2,66025658.24
Firma_568,FNR_3114,Österreich,Wien,6,Straße_7,IT,Geschäftsführer,Name_568,0.43,92140914.4
Firma_569,FNR_3538,Österreich,Salzburg,8,Straße_6,IT,Geschäftsführer,Name_569,0.21,41814645.79
Firma_570,FNR_1179,Österreich,Wien,6,Straße_17,Produktion,Geschäftsführer,Name_570,0.2,56522382.75
Firma_571,FNR_5832,Österreich,Salzburg,6,Straße_7,Handel,Geschäftsführer,Name_571,0.28,26099620.31
Firma_572,FNR_6123,Österreich,Wien,6,Straße_9,Handel,Geschäftsführer,Name_572,0.59,68771414.67
Firma_573,FNR_3771,Österreich,Linz,7,Straße_3,IT,Geschäftsführer,Name_573,0.16,64896303.54
Firma_574,FNR_5856,Österreich,Wien,9,Straße_3,Produktion,Geschäftsführer,Name_574,0.16,45351339.68
Firma_575,FNR_7595,Österreich,Linz,3,Straße_16,Produktion,Geschäftsführer,Name_575,0.5,32011073.26
Firma_576,FNR_3482,Österreich,Wien,8,Straße_13,Finanzen,Geschäftsführer,Name_576,0.39,94481342.62
Firma_577,FNR_7221,Österreich,Linz,3,Straße_12,Produktion,Geschäftsführer,Name_577,0.48,45082788.84
Firma_578,FNR_9141,Österreich,Wien,3,Straße_12,Dienstleistung,Geschäftsführer,Name_578,0.37,56414649.84
Firma_579,FNR_9100,Österreich,Wien,2,Straße_1,Finanzen,Geschäftsführer,Name_579,0.46,28002491.32
Firma_580,FNR_4484,Österreich,Linz,1,Straße_7,Produktion,Geschäftsführer,Name_580,0.59,48589661.83
Firma_581,FNR_4627,Österreich,Salzburg,6,Straße_7,IT,Geschäftsführer,Name_581,0.59,11646719.37
Firma_582,FNR_3651,Österreich,Salzburg,8,Straße_10,Finanzen,Geschäftsführer,Name_582,0.49,65460330.91
Firma_583,FNR_4295,Österreich,Salzburg,1,Straße_12,Handel,Geschäftsführer,Name_583,0.29,11496455.63
Firma_584,FNR_5449,Österreich,Wien,3,Straße_3,Handel,Geschäftsführer,Name_584,0.52,58355948.48
Firma_585,FNR_8509,Österreich,Linz,10,Straße_5,IT,Geschäftsführer,Name_585,0.16,41856939.93
Firma_586,FNR_9279,Österreich,Linz,3,Straße_10,IT,Geschäftsführer,Name_586,0.2,26533603.95
Firma_587,FNR_5418,Österreich,Salzburg,8,Straße_16,Produktion,Geschäftsführer,Name_587,0.37,56921208.53
Firma_588,FNR_7901,Österreich,Linz,9,Straße_8,Dienstleistung,Geschäftsführer,Name_588,0.32,41154798.19
Firma_589,FNR_1457,Österreich,Wien,3,Straße_20,Dienstleistung,Geschäftsführer,Name_589,0.28,69333298.77
Firma_590,FNR_6493,Österreich,Linz,5,Straße_6,Dienstleistung,Geschäftsführer,Name_590,0.15,16881584.1
Firma_591,FNR_5178,Österreich,Wien,4,Straße_19,Handel,Geschäftsführer,Name_591,0.57,74229538.83
Firma_592,FNR_9573,Österreich,Wien,4,Straße_11,Handel,Geschäftsführer,Name_592,0.44,63061283.0
Firma_593,FNR_6535,Österreich,Wien,10,Straße_5,Produktion,Geschäftsführer,Name_593,0.49,57417672.22
Firma_594,FNR_8713,Österreich,Linz,5,Straße_14,IT,Geschäftsführer,Name_594,0.29,61439069.14
Firma_595,FNR_8080,Österreich,Linz,4,Straße_12,Dienstleistung,Geschäftsführer,Name_595,0.51,24706132.9
Firma_596,FNR_6545,Österreich,Salzburg,9,Straße_15,Handel,Geschäftsführer,Name_596,0.1,24607737.21
Firma_597,FNR_5483,Österreich,Salzburg,5,Straße_17,IT,Geschäftsführer,Name_597,0.22,19345166.61
Firma_598,FNR_2902,Österreich,Wien,3,Straße_11,Finanzen,Geschäftsführer,Name_598,0.34,71397803.84
Firma_599,FNR_6286,Österreich,Linz,5,Straße_8,Produktion,Geschäftsführer,Name_599,0.23,96619196.91
Firma_600,FNR_5944,Österreich,Wien,4,Straße_3,Dienstleistung,Geschäftsführer,Name_600,0.45,37657838.17
Firma_601,FNR_8756,Österreich,Salzburg,5,Straße_14,Produktion,Geschäftsführer,Name_601,0.34,73157456.38
Firma_602,FNR_9427,Österreich,Linz,2,Straße_10,Handel,Geschäftsführer,Name_602,0.44,54265428.49
Firma_603,FNR_6985,Österreich,Salzburg,10,Straße_5,Handel,Geschäftsführer,Name_603,0.42,10710796.27
Firma_604,FNR_4677,Österreich,Salzburg,6,Straße_9,Dienstleistung,Geschäftsführer,Name_604,0.56,62723547.24
Firma_605,FNR_6408,Österreich,Wien,4,Straße_4,Finanzen,Geschäftsführer,Name_605,0.42,88504557.13
Firma_606,FNR_2887,Österreich,Salzburg,4,Straße_19,Produktion,Geschäftsführer,Name_606,0.29,50169721.93
Firma_607,FNR_2514,Österreich,Wien,6,Straße_3,IT,Geschäftsführer,Name_607,0.25,46350182.81
Firma_608,FNR_3220,Österreich,Salzburg,2,Straße_2,IT,Geschäftsführer,Name_608,0.29,17407370.08
Firma_609,FNR_8270,Österreich,Salzburg,1,Straße_2,Dienstleistung,Geschäftsführer,Name_609,0.42,82225230.36
Firma_610,FNR_1197,Österreich,Linz,4,Straße_10,Finanzen,Geschäftsführer,Name_610,0.19,93475040.04
Firma_611,FNR_7632,Österreich,Linz,8,Straße_3,IT,Geschäftsführer,Name_611,0.2,26209993.73
Firma_612,FNR_2851,Österreich,Salzburg,2,Straße_11,IT,Geschäftsführer,Name_612,0.56,78126899.34
Firma_613,FNR_5894,Österreich,Salzburg,8,Straße_12,Handel,Geschäftsführer,Name_613,0.18,24112167.27
Firma_614,FNR_2433,Österreich,Linz,7,Straße_9,Dienstleistung,Geschäftsführer,Name_614,0.19,9359923.59
Firma_615,FNR_6455,Österreich,Wien,10,Straße_6,Finanzen,Geschäftsführer,Name_615,0.55,5690395.27
Firma_616,FNR_3646,Österreich,Linz,3,Straße_1,Produktion,Geschäftsführer,Name_616,0.26,74365847.59
Firma_617,FNR_2535,Österreich,Linz,4,Straße_7,Handel,Geschäftsführer,Name_617,0.18,28587830.24
Firma_618,FNR_5145,Österreich,Salzburg,10,Straße_7,Finanzen,Geschäftsführer,Name_618,0.22,40848100.32
Firma_619,FNR_2149,Österreich,Wien,4,Straße_18,Handel,Geschäftsführer,Name_619,0.38,65847613.15
Firma_620,FNR_2192,Österreich,Salzburg,5,Straße_10,IT,Geschäftsführer,Name_620,0.41,96420552.63
Firma_621,FNR_3321,Österreich,Wien,1,Straße_5,Handel,Geschäftsführer,Name_621,0.44,77538270.67
Firma_622,FNR_4266,Österreich,Linz,8,Straße_2,Produktion,Geschäftsführer,Name_622,0.23,43583824.91
Firma_623,FNR_8816,Österreich,Linz,1,Straße_8,Finanzen,Geschäftsführer,Name_623,0.49,73855729.04
Firma_624,FNR_6512,Österreich,Wien,9,Straße_15,Handel,Geschäftsführer,Name_624,0.53,17226495.68
Firma_625,FNR_4220,Österreich,Salzburg,2,Straße_5,Finanzen,Geschäftsführer,Name_625,0.58,43862709.09
Firma_626,FNR_4619,Österreich,Linz,5,Straße_3,IT,Geschäftsführer,Name_626,0.1,27424626.69
Firma_627,FNR_4074,Österreich,Linz,2,Straße_9,Produktion,Geschäftsführer,Name_627,0.15,52723351.9
Firma_628,FNR_7102,Österreich,Wien,8,Straße_12,Finanzen,Geschäftsführer,Name_628,0.47,49300180.69
Firma_629,FNR_2078,Österreich,Wien,6,Straße_2,Produktion,Geschäftsführer,Name_629,0.23,20092901.94
Firma_630,FNR_5253,Österreich,Wien,4,Straße_9,IT,Geschäftsführer,Name_630,0.23,87279992.17
Firma_631,FNR_2253,Österreich,Salzburg,3,Straße_7,Produktion,Geschäftsführer,Name_631,0.14,26651559.93
Firma_632,FNR_7277,Österreich,Salzburg,1,Straße_19,Finanzen,Geschäftsführer,Name_632,0.23,82065522.34
Firma_633,FNR_4283,Österreich,Wien,9,Straße_3,Produktion,Geschäftsführer,Name_633,0.56,47129626.42
Firma_634,FNR_1629,Österreich,Wien,1,Straße_18,IT,Geschäftsführer,Name_634,0.45,90764053.31
Firma_635,FNR_4582,Österreich,Wien,5,Straße_13,Handel,Geschäftsführer,Name_635,0.29,98710034.22
Firma_636,FNR_1856,Österreich,Linz,7,Straße_12,IT,Geschäftsführer,Name_636,0.51,78860609.05
Firma_637,FNR_3439,Österreich,Wien,5,Straße_15,Finanzen,Geschäftsführer,Name_637,0.48,58607022.72
Firma_638,FNR_9312,Österreich,Wien,10,Straße_14,Handel,Geschäftsführer,Name_638,0.45,81259593.86
Firma_639,FNR_4827,Österreich,Linz,4,Straße_18,IT,Geschäftsführer,Name_639,0.16,64870435.98
Firma_640,FNR_3762,Österreich,Wien,8,Straße_16,Produktion,Geschäftsführer,Name_640,0.18,37885823.58
Firma_641,FNR_8019,Österreich,Salzburg,2,Straße_16,Produktion,Geschäftsführer,Name_641,0.14,30877401.49
Firma_642,FNR_6657,Österreich,Wien,8,Straße_10,Handel,Geschäftsführer,Name_642,0.57,99760888.21
Firma_643,FNR_1328,Österreich,Wien,6,Straße_1,Handel,Geschäftsführer,Name_643,0.19,6143714.98
Firma_644,FNR_4281,Österreich,Linz,5,Straße_7,Finanzen,Geschäftsführer,Name_644,0.4,97462398.26
Firma_645,FNR_5105,Österreich,Salzburg,9,Straße_3,Finanzen,Geschäftsführer,Name_645,0.18,18912963.56
Firma_646,FNR_8358,Österreich,Wien,6,Straße_12,Finanzen,Geschäftsführer,Name_646,0.57,35310923.15
Firma_647,FNR_9898,Österreich,Wien,2,Straße_20,Handel,Geschäftsführer,Name_647,0.34,30231487.08
Firma_648,FNR_1444,Österreich,Linz,6,Straße_6,Dienstleistung,Geschäftsführer,Name_648,0.11,68801416.54
Firma_649,FNR_6673,Österreich,Linz,7,Straße_13,Finanzen,Geschäftsführer,Name_649,0.37,44115658.85
Firma_650,FNR_3674,Österreich,Linz,2,Straße_11,IT,Geschäftsführer,Name_650,0.5,59351372.24
Firma_651,FNR_9764,Österreich,Linz,2,Straße_6,Handel,Geschäftsführer,Name_651,0.51,35639726.67
Firma_652,FNR_7295,Österreich,Salzburg,9,Straße_14,Handel,Geschäftsführer,Name_652,0.54,15534486.27
Firma_653,FNR_3313,Österreich,Salzburg,9,Straße_10,Handel,Geschäftsführer,Name_653,0.49,89567118.39
Firma_654,FNR_7754,Österreich,Linz,8,Straße_9,Dienstleistung,Geschäftsführer,Name_654,0.54,24370958.72
Firma_655,FNR_8881,Österreich,Linz,10,Straße_19,Dienstleistung,Geschäftsführer,Name_655,0.48,16607341.32
Firma_656,FNR_4076,Österreich,Linz,8,Straße_12,IT,Geschäftsführer,Name_656,0.19,28044905.35
Firma_657,FNR_8228,Österreich,Wien,6,Straße_20,Handel,Geschäftsführer,Name_657,0.35,68398260.72
Firma_658,FNR_7726,Österreich,Salzburg,3,Straße_5,Produktion,Geschäftsführer,Name_658,0.6,94745740.65
Firma_659,FNR_4368,Österreich,Linz,2,Straße_8,Produktion,Geschäftsführer,Name_659,0.32,93504215.88
Firma_660,FNR_3899,Österreich,Linz,3,Straße_12,Handel,Geschäftsführer,Name_660,0.12,68107091.71
Firma_661,FNR_1856,Österreich,Salzburg,5,Straße_16,Finanzen,Geschäftsführer,Name_661,0.56,48928653.09
Firma_662,FNR_6397,Österreich,Salzburg,4,Straße_18,Handel,Geschäftsführer,Name_662,0.5,55318659.26
Firma_663,FNR_1358,Österreich,Linz,1,Straße_1,Handel,Geschäftsführer,Name_663,0.4,93263081.66
Firma_664,FNR_4394,Österreich,Salzburg,9,Straße_18,Dienstleistung,Geschäftsführer,Name_664,0.36,68754707.34
Firma_665,FNR_4259,Österreich,Salzburg,5,Straße_19,Handel,Geschäftsführer,Name_665,0.52,61149040.31
Firma_666,FNR_4391,Österreich,Salzburg,5,Straße_3,IT,Geschäftsführer,Name_666,0.27,69375263.39
Firma_667,FNR_8788,Österreich,Linz,10,Straße_5,Produktion,Geschäftsführer,Name_667,0.15,78181037.6
Firma_668,FNR_3037,Österreich,Linz,8,Straße_16,IT,Geschäftsführer,Name_668,0.29,80728970.23
Firma_669,FNR_5356,Österreich,Salzburg,1,Straße_5,IT,Geschäftsführer,Name_669,0.18,87828224.96
Firma_670,FNR_6923,Österreich,Linz,9,Straße_5,Dienstleistung,Geschäftsführer,Name_670,0.11,70224737.22
Firma_671,FNR_2183,Österreich,Linz,3,Straße_9,Finanzen,Geschäftsführer,Name_671,0.28,46291457.62
Firma_672,FNR_5192,Österreich,Linz,3,Straße_14,Produktion,Geschäftsführer,Name_672,0.53,12591448.79
Firma_673,FNR_5684,Österreich,Wien,9,Straße_12,Handel,Geschäftsführer,Name_673,0.27,36889192.78
Firma_674,FNR_2839,Österreich,Linz,3,Straße_12,IT,Geschäftsführer,Name_674,0.28,21084572.98
Firma_675,FNR_1391,Österreich,Linz,4,Straße_4,IT,Geschäftsführer,Name_675,0.29,80951663.61
Firma_676,FNR_1577,Österreich,Salzburg,4,Straße_20,Dienstleistung,Geschäftsführer,Name_676,0.37,52485046.49
Firma_677,FNR_5527,Österreich,Wien,4,Straße_3,Handel,Geschäftsführer,Name_677,0.4,52733339.87
Firma_678,FNR_1227,Österreich,Wien,10,Straße_12,Dienstleistung,Geschäftsführer,Name_678,0.25,38183655.83
Firma_679,FNR_9449,Österreich,Linz,6,Straße_10,Finanzen,Geschäftsführer,Name_679,0.24,19618027.4
Firma_680,FNR_7316,Österreich,Linz,9,Straße_3,Produktion,Geschäftsführer,Name_680,0.59,15013962.85
Firma_681,FNR_6388,Österreich,Linz,5,Straße_8,Dienstleistung,Geschäftsführer,Name_681,0.29,66085586.22
Firma_682,FNR_1898,Österreich,Salzburg,3,Straße_14,Dienstleistung,Geschäftsführer,Name_682,0.49,19632167.87
Firma_683,FNR_5542,Österreich,Salzburg,2,Straße_16,Finanzen,Geschäftsführer,Name_683,0.54,31047812.7
Firma_684,FNR_1325,Österreich,Linz,4,Straße_4,Produktion,Geschäftsführer,Name_684,0.48,96405366.83
Firma_685,FNR_9186,Österreich,Wien,7,Straße_14,Dienstleistung,Geschäftsführer,Name_685,0.6,20127368.45
Firma_686,FNR_4984,Österreich,Wien,1,Straße_14,Dienstleistung,Geschäftsführer,Name_686,0.39,49122689.83
Firma_687,FNR_1631,Österreich,Salzburg,5,Straße_18,Produktion,Geschäftsführer,Name_687,0.5,92024070.71
Firma_688,FNR_5137,Österreich,Linz,10,Straße_12,Dienstleistung,Geschäftsführer,Name_688,0.39,22733933.12
Firma_689,FNR_2405,Österreich,Linz,5,Straße_15,IT,Geschäftsführer,Name_689,0.39,82283903.53
Firma_690,FNR_4817,Österreich,Linz,8,Straße_2,IT,Geschäftsführer,Name_690,0.31,4166940.51
Firma_691,FNR_3678,Österreich,Salzburg,2,Straße_10,IT,Geschäftsführer,Name_691,0.47,11725808.44
Firma_692,FNR_3320,Österreich,Wien,3,Straße_8,Handel,Geschäftsführer,Name_692,0.42,2734022.75
Firma_693,FNR_1536,Österreich,Wien,9,Straße_7,Produktion,Geschäftsführer,Name_693,0.34,87862297.44
Firma_694,FNR_1058,Österreich,Salzburg,1,Straße_16,Dienstleistung,Geschäftsführer,Name_694,0.21,54115777.25
Firma_695,FNR_1716,Österreich,Wien,1,Straße_17,Finanzen,Geschäftsführer,Name_695,0.28,86178487.44
Firma_696,FNR_9241,Österreich,Wien,3,Straße_20,IT,Geschäftsführer,Name_696,0.58,45269364.27
Firma_697,FNR_2473,Österreich,Linz,2,Straße_19,Finanzen,Geschäftsführer,Name_697,0.35,56085031.36
Firma_698,FNR_6647,Österreich,Salzburg,7,Straße_15,Handel,Geschäftsführer,Name_698,0.43,27252083.21
Firma_699,FNR_3951,Österreich,Wien,1,Straße_4,IT,Geschäftsführer,Name_699,0.17,86137256.67
Firma_700,FNR_4433,Österreich,Salzburg,7,Straße_8,Handel,Geschäftsführer,Name_700,0.45,15975048.77
Firma_701,FNR_1733,Österreich,Linz,5,Straße_19,Finanzen,Geschäftsführer,Name_701,0.44,65202138.16
Firma_702,FNR_3227,Österreich,Linz,3,Straße_8,Dienstleistung,Geschäftsführer,Name_702,0.36,87787387.97
Firma_703,FNR_3175,Österreich,Wien,6,Straße_2,Finanzen,Geschäftsführer,Name_703,0.18,36712140.52
Firma_704,FNR_7415,Österreich,Salzburg,4,Straße_1,Dienstleistung,Geschäftsführer,Name_704,0.53,79152532.73
Firma_705,FNR_6684,Österreich,Wien,5,Straße_7,Handel,Geschäftsführer,Name_705,0.44,83792015.19
Firma_706,FNR_5744,Österreich,Linz,5,Straße_10,Finanzen,Geschäftsführer,Name_706,0.55,3549119.17
Firma_707,FNR_8320,Österreich,Salzburg,7,Straße_12,Produktion,Geschäftsführer,Name_707,0.16,82866842.66
Firma_708,FNR_2077,Österreich,Salzburg,10,Straße_5,Dienstleistung,Geschäftsführer,Name_708,0.17,4634170.87
Firma_709,FNR_6152,Österreich,Linz,8,Straße_5,IT,Geschäftsführer,Name_709,0.49,95534779.2
Firma_710,FNR_9716,Österreich,Linz,1,Straße_17,Finanzen,Geschäftsführer,Name_710,0.48,88549335.8
Firma_711,FNR_7699,Österreich,Salzburg,5,Straße_9,Dienstleistung,Geschäftsführer,Name_711,0.54,64286988.56
Firma_712,FNR_9509,Österreich,Wien,2,Straße_9,Produktion,Geschäftsführer,Name_712,0.56,16954670.46
Firma_713,FNR_2590,Österreich,Linz,10,Straße_8,Handel,Geschäftsführer,Name_713,0.13,29064918.93
Firma_714,FNR_5478,Österreich,Wien,8,Straße_18,Dienstleistung,Geschäftsführer,Name_714,0.15,57469298.75
Firma_715,FNR_7295,Österreich,Wien,10,Straße_17,Dienstleistung,Geschäftsführer,Name_715,0.28,68866018.96
Firma_716,FNR_9700,Österreich,Salzburg,4,Straße_11,Dienstleistung,Geschäftsführer,Name_716,0.53,2018231.62
Firma_717,FNR_3150,Österreich,Wien,6,Straße_3,Dienstleistung,Geschäftsführer,Name_717,0.27,63533495.9
Firma_718,FNR_1117,Österreich,Wien,8,Straße_20,Produktion,Geschäftsführer,Name_718,0.59,64473772.85
Firma_719,FNR_6072,Österreich,Salzburg,9,Straße_16,Handel,Geschäftsführer,Name_719,0.53,87736109.77
Firma_720,FNR_8653,Österreich,Wien,3,Straße_19,Produktion,Geschäftsführer,Name_720,0.13,97436295.23
Firma_721,FNR_7368,Österreich,Salzburg,6,Straße_11,Handel,Geschäftsführer,Name_721,0.47,47556092.72
Firma_722,FNR_3123,Österreich,Salzburg,9,Straße_10,Dienstleistung,Geschäftsführer,Name_722,0.4,32774081.56
Firma_723,FNR_4210,Österreich,Wien,3,Straße_18,IT,Geschäftsführer,Name_723,0.11,71689989.35
Firma_724,FNR_5213,Österreich,Salzburg,4,Straße_1,Produktion,Geschäftsführer,Name_724,0.5,64918227.87
Firma_725,FNR_8855,Österreich,Wien,1,Straße_5,Finanzen,Geschäftsführer,Name_725,0.45,99492827.1
Firma_726,FNR_7086,Österreich,Linz,5,Straße_8,Dienstleistung,Geschäftsführer,Name_726,0.54,38243465.22
Firma_727,FNR_8361,Österreich,Salzburg,7,Straße_2,Finanzen,Geschäftsführer,Name_727,0.2,18597666.02
Firma_728,FNR_9873,Österreich,Linz,4,Straße_15,Dienstleistung,Geschäftsführer,Name_728,0.38,64021893.34
Firma_729,FNR_4450,Österreich,Salzburg,7,Straße_4,Dienstleistung,Geschäftsführer,Name_729,0.41,22981415.32
Firma_730,FNR_6386,Österreich,Linz,7,Straße_12,Dienstleistung,Geschäftsführer,Name_730,0.22,96805051.79
Firma_731,FNR_3921,Österreich,Linz,8,Straße_19,Dienstleistung,Geschäftsführer,Name_731,0.28,33936052.16
Firma_732,FNR_7850,Österreich,Wien,6,Straße_3,IT,Geschäftsführer,Name_732,0.44,97701797.69
Firma_733,FNR_7082,Österreich,Linz,7,Straße_16,Dienstleistung,Geschäftsführer,Name_733,0.47,93450712.83
Firma_734,FNR_5478,Österreich,Salzburg,9,Straße_4,IT,Geschäftsführer,Name_734,0.53,73926416.94
Firma_735,FNR_7780,Österreich,Linz,4,Straße_12,Finanzen,Geschäftsführer,Name_735,0.56,31133190.19
Firma_736,FNR_5524,Österreich,Salzburg,6,Straße_12,IT,Geschäftsführer,Name_736,0.24,38797025.74
Firma_737,FNR_8557,Österreich,Wien,9,Straße_18,Dienstleistung,Geschäftsführer,Name_737,0.44,69729968.64
Firma_738,FNR_5183,Österreich,Linz,7,Straße_12,IT,Geschäftsführer,Name_738,0.44,38585681.12
Firma_739,FNR_4577,Österreich,Salzburg,2,Straße_10,IT,Geschäftsführer,Name_739,0.25,88944352.35
Firma_740,FNR_6847,Österreich,Wien,9,Straße_6,Handel,Geschäftsführer,Name_740,0.56,34435373.45
Firma_741,FNR_5923,Österreich,Salzburg,1,Straße_9,Produktion,Geschäftsführer,Name_741,0.22,49142579.08
Firma_742,FNR_1260,Österreich,Wien,2,Straße_17,Produktion,Geschäftsführer,Name_742,0.25,26015648.98
Firma_743,FNR_2197,Österreich,Linz,3,Straße_15,Handel,Geschäftsführer,Name_743,0.2,56424181.44
Firma_744,FNR_4945,Österreich,Wien,8,Straße_3,Dienstleistung,Geschäftsführer,Name_744,0.52,50314338.08
Firma_745,FNR_8440,Österreich,Salzburg,8,Straße_16,Dienstleistung,Geschäftsführer,Name_745,0.16,58184015.46
Firma_746,FNR_4154,Österreich,Salzburg,5,Straße_19,Handel,Geschäftsführer,Name_746,0.37,40845311.0
Firma_747,FNR_4978,Österreich,Salzburg,7,Straße_19,Handel,Geschäftsführer,Name_747,0.24,94944335.9
Firma_748,FNR_5937,Österreich,Salzburg,6,Straße_20,IT,Geschäftsführer,Name_748,0.32,29089277.58
Firma_749,FNR_5752,Österreich,Linz,9,Straße_5,Finanzen,Geschäftsführer,Name_749,0.41,14951831.38
Firma_750,FNR_6925,Österreich,Wien,4,Straße_19,IT,Geschäftsführer,Name_750,0.2,72926049.97
Firma_751,FNR_2289,Österreich,Linz,6,Straße_5,IT,Geschäftsführer,Name_751,0.29,67408230.23
Firma_752,FNR_4497,Österreich,Linz,9,Straße_12,Produktion,Geschäftsführer,Name_752,0.16,67258538.3
Firma_753,FNR_7676,Österreich,Salzburg,2,Straße_8,Dienstleistung,Geschäftsführer,Name_753,0.48,74190428.79
Firma_754,FNR_3005,Österreich,Salzburg,2,Straße_7,Handel,Geschäftsführer,Name_754,0.28,88587276.23
Firma_755,FNR_8214,Österreich,Salzburg,1,Straße_17,Dienstleistung,Geschäftsführer,Name_755,0.15,68825531.7
Firma_756,FNR_4539,Österreich,Linz,6,Straße_12,IT,Geschäftsführer,Name_756,0.46,54728318.49
Firma_757,FNR_2648,Österreich,Wien,5,Straße_18,Handel,Geschäftsführer,Name_757,0.54,40303169.26
Firma_758,FNR_6899,Österreich,Salzburg,9,Straße_7,Produktion,Geschäftsführer,Name_758,0.32,88338874.51
Firma_759,FNR_6805,Österreich,Salzburg,7,Straße_2,IT,Geschäftsführer,Name_759,0.1,76072587.67
Firma_760,FNR_9255,Österreich,Linz,3,Straße_17,Handel,Geschäftsführer,Name_760,0.34,22432697.71
Firma_761,FNR_8440,Österreich,Salzburg,2,Straße_13,Dienstleistung,Geschäftsführer,Name_761,0.24,95577153.5
Firma_762,FNR_3248,Österreich,Salzburg,9,Straße_17,Handel,Geschäftsführer,Name_762,0.25,23219557.06
Firma_763,FNR_7239,Österreich,Linz,5,Straße_8,IT,Geschäftsführer,Name_763,0.13,78876742.96
Firma_764,FNR_6459,Österreich,Wien,7,Straße_6,Finanzen,Geschäftsführer,Name_764,0.3,26011514.19
Firma_765,FNR_3805,Österreich,Salzburg,3,Straße_12,IT,Geschäftsführer,Name_765,0.32,83922275.95
Firma_766,FNR_5154,Österreich,Wien,8,Straße_20,Handel,Geschäftsführer,Name_766,0.12,39879891.34
Firma_767,FNR_4980,Österreich,Linz,3,Straße_5,Handel,Geschäftsführer,Name_767,0.51,61481623.15
Firma_768,FNR_5333,Österreich,Linz,2,Straße_3,Dienstleistung,Geschäftsführer,Name_768,0.37,77723181.02
Firma_769,FNR_1072,Österreich,Salzburg,4,Straße_7,Finanzen,Geschäftsführer,Name_769,0.38,76814798.53
Firma_770,FNR_6543,Österreich,Linz,9,Straße_19,Handel,Geschäftsführer,Name_770,0.57,38853252.27
Firma_771,FNR_2029,Österreich,Linz,3,Straße_6,Produktion,Geschäftsführer,Name_771,0.35,40841640.73
Firma_772,FNR_3271,Österreich,Salzburg,7,Straße_16,IT,Geschäftsführer,Name_772,0.41,51217823.14
Firma_773,FNR_7396,Österreich,Salzburg,7,Straße_12,Dienstleistung,Geschäftsführer,Name_773,0.22,84887631.07
Firma_774,FNR_9544,Österreich,Wien,2,Straße_6,Finanzen,Geschäftsführer,Name_774,0.31,90524698.21
Firma_775,FNR_5786,Österreich,Wien,5,Straße_17,Dienstleistung,Geschäftsführer,Name_775,0.18,86471178.44
Firma_776,FNR_5683,Österreich,Wien,7,Straße_18,Produktion,Geschäftsführer,Name_776,0.21,37659516.17
Firma_777,FNR_2266,Österreich,Salzburg,7,Straße_15,IT,Geschäftsführer,Name_777,0.29,63044890.75
Firma_778,FNR_3513,Österreich,Salzburg,10,Straße_14,Dienstleistung,Geschäftsführer,Name_778,0.59,35170744.31
Firma_779,FNR_6625,Österreich,Salzburg,3,Straße_15,IT,Geschäftsführer,Name_779,0.37,85403944.82
Firma_780,FNR_6661,Österreich,Wien,4,Straße_19,IT,Geschäftsführer,Name_780,0.52,20551003.98
Firma_781,FNR_9921,Österreich,Linz,1,Straße_7,Handel,Geschäftsführer,Name_781,0.29,12390193.02
Firma_782,FNR_3000,Österreich,Salzburg,8,Straße_5,Finanzen,Geschäftsführer,Name_782,0.47,86897784.49
Firma_783,FNR_5149,Österreich,Salzburg,2,Straße_3,IT,Geschäftsführer,Name_783,0.37,49915542.03
Firma_784,FNR_4850,Österreich,Salzburg,7,Straße_20,Produktion,Geschäftsführer,Name_784,0.26,16665155.11
Firma_785,FNR_6046,Österreich,Linz,6,Straße_20,Dienstleistung,Geschäftsführer,Name_785,0.54,98473289.08
Firma_786,FNR_9753,Österreich,Salzburg,1,Straße_4,Finanzen,Geschäftsführer,Name_786,0.36,30347317.72
Firma_787,FNR_7199,Österreich,Salzburg,4,Straße_20,Dienstleistung,Geschäftsführer,Name_787,0.57,99992848.94
Firma_788,FNR_4192,Österreich,Salzburg,7,Straße_6,IT,Geschäftsführer,Name_788,0.49,59403083.56
Firma_789,FNR_4124,Österreich,Linz,8,Straße_8,IT,Geschäftsführer,Name_789,0.25,46088837.39
Firma_790,FNR_3654,Österreich,Wien,8,Straße_10,Finanzen,Geschäftsführer,Name_790,0.54,70131019.52
Firma_791,FNR_9511,Österreich,Linz,4,Straße_14,Finanzen,Geschäftsführer,Name_791,0.39,60100969.02
Firma_792,FNR_9651,Österreich,Linz,9,Straße_6,Produktion,Geschäftsführer,Name_792,0.39,88398402.31
Firma_793,FNR_7185,Österreich,Salzburg,2,Straße_1,Handel,Geschäftsführer,Name_793,0.21,11295954.49
Firma_794,FNR_8500,Österreich,Linz,9,Straße_20,IT,Geschäftsführer,Name_794,0.28,76910592.07
Firma_795,FNR_5510,Österreich,Linz,2,Straße_4,Dienstleistung,Geschäftsführer,Name_795,0.38,5488432.45
Firma_796,FNR_8454,Österreich,Salzburg,4,Straße_11,Dienstleistung,Geschäftsführer,Name_796,0.57,74130265.88
Firma_797,FNR_6425,Österreich,Linz,5,Straße_14,IT,Geschäftsführer,Name_797,0.24,4940212.07
Firma_798,FNR_3174,Österreich,Salzburg,6,Straße_8,Produktion,Geschäftsführer,Name_798,0.29,51450291.79
Firma_799,FNR_9912,Österreich,Salzburg,1,Straße_20,Produktion,Geschäftsführer,Name_799,0.25,16472478.04
Firma_800,FNR_6644,Österreich,Wien,9,Straße_12,IT,Geschäftsführer,Name_800,0.35,50085258.0
Firma_801,FNR_9167,Österreich,Wien,7,Straße_10,Produktion,Geschäftsführer,Name_801,0.16,64041923.18
Firma_802,FNR_5381,Österreich,Wien,6,Straße_5,Handel,Geschäftsführer,Name_802,0.27,86231560.72
Firma_803,FNR_4486,Österreich,Salzburg,6,Straße_18,Handel,Geschäftsführer,Name_803,0.24,54108949.3
Firma_804,FNR_3188,Österreich,Salzburg,4,Straße_11,Produktion,Geschäftsführer,Name_804,0.4,74814826.29
Firma_805,FNR_9400,Österreich,Linz,4,Straße_15,IT,Geschäftsführer,Name_805,0.41,99243768.03
Firma_806,FNR_1481,Österreich,Wien,9,Straße_4,IT,Geschäftsführer,Name_806,0.3,71495899.4
Firma_807,FNR_7765,Österreich,Salzburg,6,Straße_16,Finanzen,Geschäftsführer,Name_807,0.53,97217608.08
Firma_808,FNR_4730,Österreich,Linz,9,Straße_15,Dienstleistung,Geschäftsführer,Name_808,0.25,58781194.45
Firma_809,FNR_7368,Österreich,Wien,5,Straße_20,Finanzen,Geschäftsführer,Name_809,0.54,97125206.98
Firma_810,FNR_9249,Österreich,Salzburg,8,Straße_9,Produktion,Geschäftsführer,Name_810,0.13,44555836.75
Firma_811,FNR_7924,Österreich,Wien,10,Straße_1,Finanzen,Geschäftsführer,Name_811,0.57,47372059.3
Firma_812,FNR_4847,Österreich,Linz,4,Straße_3,Produktion,Geschäftsführer,Name_812,0.31,81179869.97
Firma_813,FNR_2405,Österreich,Linz,10,Straße_4,Produktion,Geschäftsführer,Name_813,0.16,93837449.52
Firma_814,FNR_3414,Österreich,Linz,10,Straße_14,Produktion,Geschäftsführer,Name_814,0.4,71836322.68
Firma_815,FNR_8202,Österreich,Salzburg,5,Straße_11,IT,Geschäftsführer,Name_815,0.49,65663401.2
Firma_816,FNR_6373,Österreich,Wien,7,Straße_14,Handel,Geschäftsführer,Name_816,0.4,69980841.03
Firma_817,FNR_3887,Österreich,Salzburg,5,Straße_20,Handel,Geschäftsführer,Name_817,0.55,18554239.0
Firma_818,FNR_5881,Österreich,Linz,10,Straße_9,IT,Geschäftsführer,Name_818,0.41,79626881.0
Firma_819,FNR_4955,Österreich,Wien,8,Straße_4,Handel,Geschäftsführer,Name_819,0.25,87221526.9
Firma_820,FNR_9626,Österreich,Linz,9,Straße_8,Finanzen,Geschäftsführer,Name_820,0.25,17702029.86
Firma_821,FNR_1651,Österreich,Salzburg,3,Straße_5,Finanzen,Geschäftsführer,Name_821,0.42,8597751.14
Firma_822,FNR_2324,Österreich,Wien,3,Straße_6,Dienstleistung,Geschäftsführer,Name_822,0.37,33472506.74
Firma_823,FNR_5875,Österreich,Linz,10,Straße_18,Finanzen,Geschäftsführer,Name_823,0.4,13555951.73
Firma_824,FNR_2714,Österreich,Linz,10,Straße_16,Finanzen,Geschäftsführer,Name_824,0.23,25085313.02
Firma_825,FNR_8045,Österreich,Wien,5,Straße_11,Produktion,Geschäftsführer,Name_825,0.44,63478540.96
Firma_826,FNR_8489,Österreich,Wien,10,Straße_13,Dienstleistung,Geschäftsführer,Name_826,0.4,10467096.39
Firma_827,FNR_6369,Österreich,Wien,8,Straße_19,Finanzen,Geschäftsführer,Name_827,0.14,41404383.92
Firma_828,FNR_8291,Österreich,Salzburg,7,Straße_15,Produktion,Geschäftsführer,Name_828,0.4,5682675.04
Firma_829,FNR_7913,Österreich,Salzburg,9,Straße_10,Dienstleistung,Geschäftsführer,Name_829,0.36,24303999.52
Firma_830,FNR_2017,Österreich,Salzburg,9,Straße_1,Produktion,Geschäftsführer,Name_830,0.6,42751583.54
Firma_831,FNR_3156,Österreich,Salzburg,5,Straße_4,Finanzen,Geschäftsführer,Name_831,0.35,66877219.26
Firma_832,FNR_1868,Österreich,Salzburg,1,Straße_17,Dienstleistung,Geschäftsführer,Name_832,0.36,93442887.84
Firma_833,FNR_9358,Österreich,Salzburg,8,Straße_6,IT,Geschäftsführer,Name_833,0.38,53954823.72
Firma_834,FNR_2600,Österreich,Salzburg,9,Straße_3,Produktion,Geschäftsführer,Name_834,0.45,45246737.47
Firma_835,FNR_1167,Österreich,Wien,4,Straße_2,IT,Geschäftsführer,Name_835,0.39,51381546.66
Firma_836,FNR_2049,Österreich,Linz,2,Straße_10,IT,Geschäftsführer,Name_836,0.54,44589503.42
Firma_837,FNR_7382,Österreich,Wien,1,Straße_8,Handel,Geschäftsführer,Name_837,0.44,31352067.65
Firma_838,FNR_7906,Österreich,Linz,2,Straße_3,IT,Geschäftsführer,Name_838,0.29,10346968.77
Firma_839,FNR_6233,Österreich,Wien,3,Straße_11,IT,Geschäftsführer,Name_839,0.42,37620606.69
Firma_840,FNR_2443,Österreich,Wien,4,Straße_20,IT,Geschäftsführer,Name_840,0.2,44830545.31
Firma_841,FNR_7351,Österreich,Wien,3,Straße_14,Finanzen,Geschäftsführer,Name_841,0.54,85576444.87
Firma_842,FNR_2495,Österreich,Wien,8,Straße_13,Handel,Geschäftsführer,Name_842,0.35,93284065.78
Firma_843,FNR_6191,Österreich,Linz,9,Straße_15,Handel,Geschäftsführer,Name_843,0.27,71080430.48
Firma_844,FNR_1486,Österreich,Linz,8,Straße_7,Finanzen,Geschäftsführer,Name_844,0.14,83886236.39
Firma_845,FNR_8892,Österreich,Wien,9,Straße_4,Produktion,Geschäftsführer,Name_845,0.13,18183990.4
Firma_846,FNR_9215,Österreich,Salzburg,2,Straße_5,Handel,Geschäftsführer,Name_846,0.32,60546961.02
Firma_847,FNR_7518,Österreich,Linz,10,Straße_20,Finanzen,Geschäftsführer,Name_847,0.44,56109684.96
Firma_848,FNR_4185,Österreich,Salzburg,9,Straße_1,Produktion,Geschäftsführer,Name_848,0.57,70746401.82
Firma_849,FNR_8408,Österreich,Wien,2,Straße_3,Produktion,Geschäftsführer,Name_849,0.42,73655337.79
Firma_850,FNR_1959,Österreich,Salzburg,3,Straße_5,Handel,Geschäftsführer,Name_850,0.29,83046203.94
Firma_851,FNR_5339,Österreich,Wien,6,Straße_8,IT,Geschäftsführer,Name_851,0.15,20388607.91
Firma_852,FNR_2918,Österreich,Salzburg,3,Straße_1,Produktion,Geschäftsführer,Name_852,0.39,11731748.4
Firma_853,FNR_2037,Österreich,Linz,1,Straße_10,IT,Geschäftsführer,Name_853,0.43,59433549.21
Firma_854,FNR_8369,Österreich,Linz,9,Straße_12,Dienstleistung,Geschäftsführer,Name_854,0.48,93558496.44
Firma_855,FNR_6098,Österreich,Salzburg,10,Straße_18,Finanzen,Geschäftsführer,Name_855,0.35,74663202.95
Firma_856,FNR_6835,Österreich,Linz,3,Straße_16,IT,Geschäftsführer,Name_856,0.49,60534409.78
Firma_857,FNR_3189,Österreich,Salzburg,3,Straße_2,Dienstleistung,Geschäftsführer,Name_857,0.41,5939536.08
Firma_858,FNR_2274,Österreich,Linz,1,Straße_14,Finanzen,Geschäftsführer,Name_858,0.57,24373310.57
Firma_859,FNR_5205,Österreich,Wien,5,Straße_14,Handel,Geschäftsführer,Name_859,0.36,56040742.12
Firma_860,FNR_1033,Österreich,Linz,7,Straße_2,Handel,Geschäftsführer,Name_860,0.14,35940411.18
Firma_861,FNR_6275,Österreich,Linz,2,Straße_2,Produktion,Geschäftsführer,Name_861,0.32,3370478.53
Firma_862,FNR_4026,Österreich,Salzburg,6,Straße_13,IT,Geschäftsführer,Name_862,0.21,82666473.54
Firma_863,FNR_7789,Österreich,Salzburg,6,Straße_13,Produktion,Geschäftsführer,Name_863,0.2,7607109.29
Firma_864,FNR_4582,Österreich,Salzburg,8,Straße_4,Finanzen,Geschäftsführer,Name_864,0.57,15155951.63
Firma_865,FNR_5293,Österreich,Linz,10,Straße_8,IT,Geschäftsführer,Name_865,0.34,79118709.03
Firma_866,FNR_6488,Österreich,Wien,6,Straße_5,Handel,Geschäftsführer,Name_866,0.33,78108706.47
Firma_867,FNR_1699,Österreich,Salzburg,4,Straße_17,Handel,Geschäftsführer,Name_867,0.31,67910220.01
Firma_868,FNR_2030,Österreich,Salzburg,10,Straße_19,Dienstleistung,Geschäftsführer,Name_868,0.25,15870847.65
Firma_869,FNR_2674,Österreich,Wien,9,Straße_14,Finanzen,Geschäftsführer,Name_869,0.52,70153245.36
Firma_870,FNR_3130,Österreich,Wien,5,Straße_6,IT,Geschäftsführer,Name_870,0.44,89319783.93
Firma_871,FNR_1360,Österreich,Salzburg,5,Straße_20,Handel,Geschäftsführer,Name_871,0.56,38386160.94
Firma_872,FNR_3803,Österreich,Wien,3,Straße_8,Finanzen,Geschäftsführer,Name_872,0.55,10097703.66
Firma_873,FNR_3683,Österreich,Wien,8,Straße_14,Finanzen,Geschäftsführer,Name_873,0.24,94894379.79
Firma_874,FNR_4387,Österreich,Wien,3,Straße_7,Handel,Geschäftsführer,Name_874,0.59,78667594.86
Firma_875,FNR_5898,Österreich,Linz,7,Straße_13,Handel,Geschäftsführer,Name_875,0.57,70323604.73
Firma_876,FNR_7131,Österreich,Linz,1,Straße_3,Handel,Geschäftsführer,Name_876,0.26,76361130.11
Firma_877,FNR_6686,Österreich,Salzburg,2,Straße_10,Dienstleistung,Geschäftsführer,Name_877,0.39,72656589.33
Firma_878,FNR_6167,Österreich,Wien,2,Straße_13,IT,Geschäftsführer,Name_878,0.1,28461707.31
Firma_879,FNR_3495,Österreich,Salzburg,9,Straße_18,Handel,Geschäftsführer,Name_879,0.22,90282959.4
Firma_880,FNR_2231,Österreich,Wien,3,Straße_11,Finanzen,Geschäftsführer,Name_880,0.42,77466669.37
Firma_881,FNR_1380,Österreich,Wien,10,Straße_8,Dienstleistung,Geschäftsführer,Name_881,0.54,85016621.38
Firma_882,FNR_9093,Österreich,Wien,8,Straße_13,Produktion,Geschäftsführer,Name_882,0.49,53997426.75
Firma_883,FNR_1979,Österreich,Wien,8,Straße_13,IT,Geschäftsführer,Name_883,0.55,49357190.43
Firma_884,FNR_6717,Österreich,Linz,3,Straße_7,Finanzen,Geschäftsführer,Name_884,0.48,64943482.5
Firma_885,FNR_7316,Österreich,Linz,4,Straße_9,Handel,Geschäftsführer,Name_885,0.27,6403639.38
Firma_886,FNR_1452,Österreich,Wien,5,Straße_17,Produktion,Geschäftsführer,Name_886,0.57,26494682.61
Firma_887,FNR_5365,Österreich,Linz,9,Straße_11,Finanzen,Geschäftsführer,Name_887,0.45,11626974.19
Firma_888,FNR_6746,Österreich,Salzburg,1,Straße_7,Dienstleistung,Geschäftsführer,Name_888,0.26,23338396.1
Firma_889,FNR_4838,Österreich,Salzburg,5,Straße_5,Finanzen,Geschäftsführer,Name_889,0.26,39495982.89
Firma_890,FNR_9187,Österreich,Linz,4,Straße_19,Dienstleistung,Geschäftsführer,Name_890,0.51,99066394.41
Firma_891,FNR_7185,Österreich,Salzburg,1,Straße_7,Produktion,Geschäftsführer,Name_891,0.25,88907981.93
Firma_892,FNR_9745,Österreich,Linz,7,Straße_14,Produktion,Geschäftsführer,Name_892,0.42,55114699.34
Firma_893,FNR_9874,Österreich,Linz,5,Straße_9,Dienstleistung,Geschäftsführer,Name_893,0.21,17482153.88
Firma_894,FNR_1650,Österreich,Wien,10,Straße_17,Handel,Geschäftsführer,Name_894,0.56,87379409.21
Firma_895,FNR_4670,Österreich,Linz,9,Straße_6,Finanzen,Geschäftsführer,Name_895,0.2,9981308.64
Firma_896,FNR_7909,Österreich,Salzburg,5,Straße_9,Handel,Geschäftsführer,Name_896,0.54,98321163.41
Firma_897,FNR_8766,Österreich,Salzburg,10,Straße_7,Finanzen,Geschäftsführer,Name_897,0.59,91489854.23
Firma_898,FNR_1553,Österreich,Linz,7,Straße_12,Dienstleistung,Geschäftsführer,Name_898,0.36,10896208.8
Firma_899,FNR_5173,Österreich,Salzburg,10,Straße_11,Dienstleistung,Geschäftsführer,Name_899,0.12,83309062.11
Firma_900,FNR_1592,Österreich,Wien,7,Straße_14,Produktion,Geschäftsführer,Name_900,0.28,42611407.37
Firma_901,FNR_1836,Österreich,Linz,8,Straße_17,Produktion,Geschäftsführer,Name_901,0.57,17040893.75
Firma_902,FNR_9190,Österreich,Wien,7,Straße_7,Produktion,Geschäftsführer,Name_902,0.3,5194764.49
Firma_903,FNR_2393,Österreich,Wien,8,Straße_5,Finanzen,Geschäftsführer,Name_903,0.46,1204075.13
Firma_904,FNR_5551,Österreich,Salzburg,6,Straße_16,Dienstleistung,Geschäftsführer,Name_904,0.23,7581630.28
Firma_905,FNR_2384,Österreich,Wien,4,Straße_2,IT,Geschäftsführer,Name_905,0.44,64594106.99
Firma_906,FNR_3614,Österreich,Salzburg,1,Straße_6,Dienstleistung,Geschäftsführer,Name_906,0.41,49593299.7
Firma_907,FNR_8795,Österreich,Wien,9,Straße_2,Produktion,Geschäftsführer,Name_907,0.18,13096099.06
Firma_908,FNR_5179,Österreich,Linz,7,Straße_10,Dienstleistung,Geschäftsführer,Name_908,0.46,37363080.16
Firma_909,FNR_8451,Österreich,Linz,2,Straße_17,Produktion,Geschäftsführer,Name_909,0.2,98966246.02
Firma_910,FNR_7588,Österreich,Salzburg,1,Straße_3,Handel,Geschäftsführer,Name_910,0.43,76448487.29
Firma_911,FNR_2210,Österreich,Wien,4,Straße_4,Handel,Geschäftsführer,Name_911,0.45,52828262.77
Firma_912,FNR_3530,Österreich,Linz,10,Straße_6,IT,Geschäftsführer,Name_912,0.27,91738048.98
Firma_913,FNR_8012,Österreich,Wien,10,Straße_9,IT,Geschäftsführer,Name_913,0.31,37326674.66
Firma_914,FNR_5941,Österreich,Salzburg,2,Straße_8,Dienstleistung,Geschäftsführer,Name_914,0.37,82688724.01
Firma_915,FNR_9615,Österreich,Salzburg,2,Straße_2,Finanzen,Geschäftsführer,Name_915,0.53,98221779.82
Firma_916,FNR_4624,Österreich,Wien,10,Straße_10,Handel,Geschäftsführer,Name_916,0.58,67391706.97
Firma_917,FNR_6160,Österreich,Linz,9,Straße_9,Finanzen,Geschäftsführer,Name_917,0.2,63932097.58
Firma_918,FNR_7570,Österreich,Linz,6,Straße_10,Produktion,Geschäftsführer,Name_918,0.23,57932975.8
Firma_919,FNR_7068,Österreich,Salzburg,10,Straße_2,IT,Geschäftsführer,Name_919,0.17,82402170.59
Firma_920,FNR_1715,Österreich,Wien,8,Straße_17,Handel,Geschäftsführer,Name_920,0.23,29396671.2
Firma_921,FNR_6394,Österreich,Wien,4,Straße_1,IT,Geschäftsführer,Name_921,0.54,11894751.34
Firma_922,FNR_6560,Österreich,Salzburg,8,Straße_19,Handel,Geschäftsführer,Name_922,0.42,52751720.46
Firma_923,FNR_1983,Österreich,Salzburg,9,Straße_16,IT,Geschäftsführer,Name_923,0.26,81837023.65
Firma_924,FNR_9857,Österreich,Wien,6,Straße_18,Finanzen,Geschäftsführer,Name_924,0.17,87636766.88
Firma_925,FNR_3371,Österreich,Linz,3,Straße_3,Dienstleistung,Geschäftsführer,Name_925,0.16,92085110.77
Firma_926,FNR_2386,Österreich,Wien,4,Straße_13,Finanzen,Geschäftsführer,Name_926,0.51,75398557.28
Firma_927,FNR_8514,Österreich,Salzburg,5,Straße_18,IT,Geschäftsführer,Name_927,0.25,73018926.14
Firma_928,FNR_4525,Österreich,Wien,10,Straße_5,Produktion,Geschäftsführer,Name_928,0.16,98469560.25
Firma_929,FNR_9614,Österreich,Linz,9,Straße_7,Dienstleistung,Geschäftsführer,Name_929,0.57,86206481.0
Firma_930,FNR_7125,Österreich,Linz,7,Straße_14,IT,Geschäftsführer,Name_930,0.54,84643638.73
Firma_931,FNR_9077,Österreich,Salzburg,4,Straße_14,Produktion,Geschäftsführer,Name_931,0.18,95239718.18
Firma_932,FNR_5300,Österreich,Linz,8,Straße_11,IT,Geschäftsführer,Name_932,0.54,9561252.24
Firma_933,FNR_2834,Österreich,Salzburg,8,Straße_5,Dienstleistung,Geschäftsführer,Name_933,0.35,65291236.01
Firma_934,FNR_5365,Österreich,Linz,6,Straße_18,Produktion,Geschäftsführer,Name_934,0.53,29141886.99
Firma_935,FNR_7159,Österreich,Linz,7,Straße_2,Produktion,Geschäftsführer,Name_935,0.49,30259977.02
Firma_936,FNR_5637,Österreich,Wien,9,Straße_15,Finanzen,Geschäftsführer,Name_936,0.43,35044670.82
Firma_937,FNR_8244,Österreich,Salzburg,8,Straße_15,Dienstleistung,Geschäftsführer,Name_937,0.21,35381548.01
Firma_938,FNR_1304,Österreich,Linz,5,Straße_20,Dienstleistung,Geschäftsführer,Name_938,0.3,83737115.13
Firma_939,FNR_8502,Österreich,Linz,6,Straße_14,Produktion,Geschäftsführer,Name_939,0.42,70284161.97
Firma_940,FNR_9166,Österreich,Wien,7,Straße_8,Produktion,Geschäftsführer,Name_940,0.58,2908692.75
Firma_941,FNR_2263,Österreich,Linz,1,Straße_5,Dienstleistung,Geschäftsführer,Name_941,0.1,75719263.11
Firma_942,FNR_6722,Österreich,Linz,2,Straße_4,IT,Geschäftsführer,Name_942,0.59,19937268.49
Firma_943,FNR_2485,Österreich,Linz,7,Straße_18,Dienstleistung,Geschäftsführer,Name_943,0.15,30245943.17
Firma_944,FNR_7309,Österreich,Wien,5,Straße_16,Produktion,Geschäftsführer,Name_944,0.47,87032894.97
Firma_945,FNR_2213,Österreich,Salzburg,7,Straße_4,Produktion,Geschäftsführer,Name_945,0.27,26954659.7
Firma_946,FNR_2981,Österreich,Linz,8,Straße_4,IT,Geschäftsführer,Name_946,0.41,49131719.62
Firma_947,FNR_1560,Österreich,Wien,1,Straße_9,Dienstleistung,Geschäftsführer,Name_947,0.44,29965610.94
Firma_948,FNR_6826,Österreich,Linz,7,Straße_16,Dienstleistung,Geschäftsführer,Name_948,0.39,69698698.19
Firma_949,FNR_2631,Österreich,Salzburg,8,Straße_10,Dienstleistung,Geschäftsführer,Name_949,0.31,2553512.04
Firma_950,FNR_4095,Österreich,Wien,8,Straße_16,Handel,Geschäftsführer,Name_950,0.29,44508183.65
Firma_951,FNR_1811,Österreich,Salzburg,10,Straße_5,Dienstleistung,Geschäftsführer,Name_951,0.27,47684897.94
Firma_952,FNR_5565,Österreich,Linz,5,Straße_20,Produktion,Geschäftsführer,Name_952,0.27,67949689.84
Firma_953,FNR_8992,Österreich,Linz,7,Straße_9,Dienstleistung,Geschäftsführer,Name_953,0.48,2910030.57
Firma_954,FNR_3413,Österreich,Linz,1,Straße_4,IT,Geschäftsführer,Name_954,0.2,58034710.39
Firma_955,FNR_1392,Österreich,Linz,4,Straße_2,IT,Geschäftsführer,Name_955,0.36,35987504.17
Firma_956,FNR_1612,Österreich,Salzburg,2,Straße_3,Dienstleistung,Geschäftsführer,Name_956,0.14,33503054.99
Firma_957,FNR_1345,Österreich,Salzburg,3,Straße_18,Handel,Geschäftsführer,Name_957,0.56,84844408.91
Firma_958,FNR_6294,Österreich,Wien,8,Straße_10,Handel,Geschäftsführer,Name_958,0.2,20416704.75
Firma_959,FNR_4752,Österreich,Wien,1,Straße_20,Finanzen,Geschäftsführer,Name_959,0.2,18873435.78
Firma_960,FNR_3392,Österreich,Linz,5,Straße_2,Produktion,Geschäftsführer,Name_960,0.18,22223242.41
Firma_961,FNR_4540,Österreich,Salzburg,6,Straße_19,Handel,Geschäftsführer,Name_961,0.15,66062443.64
Firma_962,FNR_5931,Österreich,Linz,3,Straße_16,Handel,Geschäftsführer,Name_962,0.25,8372313.44
Firma_963,FNR_5292,Österreich,Wien,7,Straße_12,Handel,Geschäftsführer,Name_963,0.48,42847401.49
Firma_964,FNR_8700,Österreich,Salzburg,5,Straße_18,IT,Geschäftsführer,Name_964,0.4,49297235.28
Firma_965,FNR_2848,Österreich,Linz,3,Straße_5,Handel,Geschäftsführer,Name_965,0.6,32689618.2
Firma_966,FNR_6725,Österreich,Salzburg,6,Straße_7,IT,Geschäftsführer,Name_966,0.25,82659559.27
Firma_967,FNR_6045,Österreich,Linz,3,Straße_7,IT,Geschäftsführer,Name_967,0.46,90541464.9
Firma_968,FNR_2968,Österreich,Wien,5,Straße_5,Finanzen,Geschäftsführer,Name_968,0.22,27886354.13
Firma_969,FNR_3057,Österreich,Wien,7,Straße_13,Handel,Geschäftsführer,Name_969,0.56,44670523.91
Firma_970,FNR_1324,Österreich,Linz,9,Straße_18,Finanzen,Geschäftsführer,Name_970,0.36,60523949.3
Firma_971,FNR_7206,Österreich,Wien,6,Straße_20,Handel,Geschäftsführer,Name_971,0.47,56220334.61
Firma_972,FNR_4217,Österreich,Wien,6,Straße_13,Finanzen,Geschäftsführer,Name_972,0.2,49452141.94
Firma_973,FNR_7921,Österreich,Linz,9,Straße_16,Dienstleistung,Geschäftsführer,Name_973,0.4,8855747.08
Firma_974,FNR_6772,Österreich,Salzburg,3,Straße_2,Dienstleistung,Geschäftsführer,Name_974,0.42,30070877.95
Firma_975,FNR_6327,Österreich,Linz,6,Straße_3,Dienstleistung,Geschäftsführer,Name_975,0.3,12311039.88
Firma_976,FNR_7558,Österreich,Linz,3,Straße_5,Dienstleistung,Geschäftsführer,Name_976,0.28,62693757.09
Firma_977,FNR_3489,Österreich,Salzburg,2,Straße_20,IT,Geschäftsführer,Name_977,0.11,35099081.69
Firma_978,FNR_8702,Österreich,Wien,3,Straße_7,Finanzen,Geschäftsführer,Name_978,0.41,47462224.28
Firma_979,FNR_2325,Österreich,Salzburg,7,Straße_19,IT,Geschäftsführer,Name_979,0.16,67317120.85
Firma_980,FNR_4538,Österreich,Wien,5,Straße_1,Handel,Geschäftsführer,Name_980,0.44,81605360.23
Firma_981,FNR_5896,Österreich,Linz,3,Straße_16,Handel,Geschäftsführer,Name_981,0.11,12198986.22
Firma_982,FNR_1465,Österreich,Salzburg,4,Straße_19,IT,Geschäftsführer,Name_982,0.39,79131324.06
Firma_983,FNR_2471,Österreich,Wien,2,Straße_16,Handel,Geschäftsführer,Name_983,0.47,2369459.95
Firma_984,FNR_6176,Österreich,Salzburg,9,Straße_19,Dienstleistung,Geschäftsführer,Name_984,0.34,81612512.75
Firma_985,FNR_2487,Österreich,Salzburg,5,Straße_15,Dienstleistung,Geschäftsführer,Name_985,0.55,39261147.22
Firma_986,FNR_1765,Österreich,Wien,6,Straße_13,IT,Geschäftsführer,Name_986,0.24,3022557.09
Firma_987,FNR_1112,Österreich,Linz,6,Straße_5,Dienstleistung,Geschäftsführer,Name_987,0.3,63262367.0
Firma_988,FNR_6794,Österreich,Linz,2,Straße_14,Produktion,Geschäftsführer,Name_988,0.16,54493470.53
Firma_989,FNR_8972,Österreich,Linz,4,Straße_18,Dienstleistung,Geschäftsführer,Name_989,0.12,4254881.57
Firma_990,FNR_7287,Österreich,Salzburg,4,Straße_4,Handel,Geschäftsführer,Name_990,0.48,55396442.92
Firma_991,FNR_8271,Österreich,Linz,6,Straße_1,Produktion,Geschäftsführer,Name_991,0.26,21367303.56
Firma_992,FNR_5311,Österreich,Salzburg,6,Straße_2,IT,Geschäftsführer,Name_992,0.22,94570934.03
Firma_993,FNR_9349,Österreich,Salzburg,7,Straße_15,Handel,Geschäftsführer,Name_993,0.15,24937068.91
Firma_994,FNR_8477,Österreich,Salzburg,10,Straße_19,IT,Geschäftsführer,Name_994,0.22,68491238.77
Firma_995,FNR_4551,Österreich,Salzburg,8,Straße_8,Finanzen,Geschäftsführer,Name_995,0.25,87426461.84
Firma_996,FNR_3034,Österreich,Wien,4,Straße_14,Produktion,Geschäftsführer,Name_996,0.51,56385279.4
Firma_997,FNR_9439,Österreich,Linz,5,Straße_12,IT,Geschäftsführer,Name_997,0.34,67421267.36
Firma_998,FNR_6712,Österreich,Salzburg,6,Straße_8,Handel,Geschäftsführer,Name_998,0.44,50479277.53
Firma_999,FNR_1513,Österreich,Linz,3,Straße_6,IT,Geschäftsführer,Name_999,0.28,55464236.4
Firma_1000,FNR_7453,Österreich,Wien,5,Straße_10,Handel,Geschäftsführer,Name_1000,0.51,32633055.49
